-10,-9.75,3.91625
-10,-9.5,3.865
-10,-9.25,3.84625
-10,-9,3.86
-10,-8.75,3.90625
-10,-8.5,3.985
-10,-8.25,4.09625
-10,-8,4.24
-10,-7.75,4.41625
-10,-7,5.14
-10,-6.75,5.44625
-10,-6.5,5.785
-10,-6.25,6.15625
-10,-6,6.56
-10,-5.75,6.99625
-10,-5.5,7.465
-10,-5.25,7.96625
-10,-5,8.5
-10,-4.75,9.06625
-10,-4.5,9.665
-10,-4.25,10.29625
-10,-3.75,11.65625
-10,-3.5,12.385
-10,-3.25,13.14625
-10,-3,13.94
-10,-2.75,14.76625
-10,-2.5,15.625
-10,-2.25,16.51625
-10,-2,17.44
-10,-1.75,18.39625
-10,-1.5,19.385
-10,-1.25,20.40625
-10,-1,21.46
-10,-0.75,22.54625
-10,-0.5,23.665
-10,-0.25,24.81625
-10,0,26
-10,0.25,27.21625
-10,0.5,28.465
-10,0.75,29.74625
-10,1,31.06
-10,1.5,33.785
-10,1.75,35.19625
-10,2,36.64
-10,2.25,38.11625
-10,2.5,39.625
-10,2.75,41.16625
-10,3,42.74
-10,3.25,44.34625
-10,3.5,45.985
-10,3.75,47.65625
-10,4,49.36
-10,4.25,51.09625
-10,4.5,52.865
-10,4.75,54.66625
-10,5,56.5
-10,5.5,60.265
-10,5.75,62.19625
-10,6,64.16
-10,6.25,66.15625
-10,6.5,68.185
-10,6.75,70.24625
-10,7,72.34
-10,7.25,74.46625
-10,7.5,76.625
-10,7.75,78.81625
-10,8,81.04
-10,8.25,83.29625
-10,8.5,85.585
-10,8.75,87.90625
-10,9,90.26
-10,9.25,92.64625
-10,9.5,95.065
-9.75,-10,3.91625
-9.75,-9.75,3.8025
-9.75,-9.5,3.72125
-9.75,-9.25,3.6725
-9.75,-9,3.65625
-9.75,-8.75,3.6725
-9.75,-8.5,3.72125
-9.75,-8,3.91625
-9.75,-7.75,4.0625
-9.75,-7.25,4.4525
-9.75,-7,4.69625
-9.75,-6.75,4.9725
-9.75,-6.25,5.6225
-9.75,-6,5.99625
-9.75,-5.75,6.4025
-9.75,-5.5,6.84125
-9.75,-5.25,7.3125
-9.75,-5,7.81625
-9.75,-4.75,8.3525
-9.75,-4.25,9.5225
-9.75,-4,10.15625
-9.75,-3.75,10.8225
-9.75,-3.5,11.52125
-9.75,-3.25,12.2525
-9.75,-3,13.01625
-9.75,-2.75,13.8125
-9.75,-2.5,14.64125
-9.75,-2.25,15.5025
-9.75,-2,16.39625
-9.75,-1.75,17.3225
-9.75,-1.5,18.28125
-9.75,-1.25,19.2725
-9.75,-1,20.29625
-9.75,-0.5,22.44125
-9.75,-0.25,23.5625
-9.75,0,24.71625
-9.75,0.25,25.9025
-9.75,0.5,27.12125
-9.75,0.75,28.3725
-9.75,1.25,30.9725
-9.75,1.5,32.32125
-9.75,1.75,33.7025
-9.75,2,35.11625
-9.75,2.25,36.5625
-9.75,2.5,38.04125
-9.75,2.75,39.5525
-9.75,3,41.09625
-9.75,3.25,42.6725
-9.75,3.5,44.28125
-9.75,4,47.59625
-9.75,4.25,49.3025
-9.75,4.5,51.04125
-9.75,4.75,52.8125
-9.75,5,54.61625
-9.75,5.25,56.4525
-9.75,5.5,58.32125
-9.75,5.75,60.2225
-9.75,6,62.15625
-9.75,6.25,64.1225
-9.75,6.5,66.12125
-9.75,6.75,68.1525
-9.75,7,70.21625
-9.75,7.25,72.3125
-9.75,7.5,74.44125
-9.75,8.25,81.0225
-9.75,8.5,83.28125
-9.75,8.75,85.5725
-9.75,9.5,92.64125
-9.75,9.75,95.0625
-9.5,-10,3.865
-9.5,-9.5,3.61
-9.5,-9.25,3.53125
-9.5,-9,3.485
-9.5,-8.75,3.47125
-9.5,-8.5,3.49
-9.5,-8.25,3.54125
-9.5,-8,3.625
-9.5,-7.5,3.89
-9.5,-7,4.285
-9.5,-6.75,4.53125
-9.5,-6.5,4.81
-9.5,-6.25,5.12125
-9.5,-6,5.465
-9.5,-5.5,6.25
-9.5,-5.25,6.69125
-9.5,-5,7.165
-9.5,-4.75,7.67125
-9.5,-4.5,8.21
-9.5,-4.25,8.78125
-9.5,-3.75,10.02125
-9.5,-3.5,10.69
-9.5,-3.25,11.39125
-9.5,-3,12.125
-9.5,-2.75,12.89125
-9.5,-2.5,13.69
-9.5,-2.25,14.52125
-9.5,-2,15.385
-9.5,-1.75,16.28125
-9.5,-1.5,17.21
-9.5,-1.25,18.17125
-9.5,-1,19.165
-9.5,0,23.465
-9.5,0.25,24.62125
-9.5,0.5,25.81
-9.5,1,28.285
-9.5,1.25,29.57125
-9.5,1.5,30.89
-9.5,1.75,32.24125
-9.5,2,33.625
-9.5,2.25,35.04125
-9.5,2.5,36.49
-9.5,2.75,37.97125
-9.5,3,39.485
-9.5,3.25,41.03125
-9.5,3.5,42.61
-9.5,3.75,44.22125
-9.5,4,45.865
-9.5,4.75,50.99125
-9.5,5,52.765
-9.5,5.25,54.57125
-9.5,5.5,56.41
-9.5,5.75,58.28125
-9.5,6,60.185
-9.5,6.25,62.12125
-9.5,6.5,64.09
-9.5,6.75,66.09125
-9.5,7,68.125
-9.5,7.25,70.19125
-9.5,7.75,74.42125
-9.5,8,76.585
-9.5,8.25,78.78125
-9.5,8.5,81.01
-9.5,8.75,83.27125
-9.5,9,85.565
-9.5,9.25,87.89125
-9.5,9.75,92.64125
-9.25,-9.75,3.6725
-9.25,-9.5,3.53125
-9.25,-9.25,3.4225
-9.25,-9,3.34625
-9.25,-8.75,3.3025
-9.25,-8.5,3.29125
-9.25,-8.25,3.3125
-9.25,-8,3.36625
-9.25,-7.75,3.4525
-9.25,-7.5,3.57125
-9.25,-7.25,3.7225
-9.25,-7,3.90625
-9.25,-6.75,4.1225
-9.25,-6.5,4.37125
-9.25,-6.25,4.6525
-9.25,-6,4.96625
-9.25,-5.5,5.69125
-9.25,-5,6.54625
-9.25,-4.75,7.0225
-9.25,-4.5,7.53125
-9.25,-4.25,8.0725
-9.25,-4,8.64625
-9.25,-3.75,9.2525
-9.25,-3.5,9.89125
-9.25,-3.25,10.5625
-9.25,-2.75,12.0025
-9.25,-2.5,12.77125
-9.25,-2.25,13.5725
-9.25,-2,14.40625
-9.25,-1.5,16.17125
-9.25,-1.25,17.1025
-9.25,-1,18.06625
-9.25,-0.75,19.0625
-9.25,-0.5,20.09125
-9.25,-0.25,21.1525
-9.25,0,22.24625
-9.25,0.25,23.3725
-9.25,0.5,24.53125
-9.25,0.75,25.7225
-9.25,1,26.94625
-9.25,1.25,28.2025
-9.25,1.5,29.49125
-9.25,2,32.16625
-9.25,2.25,33.5525
-9.25,2.5,34.97125
-9.25,2.75,36.4225
-9.25,3,37.90625
-9.25,3.25,39.4225
-9.25,3.5,40.97125
-9.25,4,44.16625
-9.25,4.5,47.49125
-9.25,4.75,49.2025
-9.25,5,50.94625
-9.25,5.25,52.7225
-9.25,5.5,54.53125
-9.25,5.75,56.3725
-9.25,6,58.24625
-9.25,6.25,60.1525
-9.25,7,66.06625
-9.25,7.25,68.1025
-9.25,7.5,70.17125
-9.25,8,74.40625
-9.25,8.25,76.5725
-9.25,8.5,78.77125
-9.25,8.75,81.0025
-9.25,9,83.26625
-9.25,9.25,85.5625
-9.25,9.5,87.89125
-9.25,9.75,90.2525
-9,-10,3.86
-9,-9.75,3.65625
-9,-9.5,3.485
-9,-9.25,3.34625
-9,-9,3.24
-9,-8.5,3.125
-9,-8.25,3.11625
-9,-8,3.14
-9,-7.75,3.19625
-9,-7.5,3.285
-9,-7,3.56
-9,-6.75,3.74625
-9,-6.5,3.965
-9,-6.25,4.21625
-9,-6,4.5
-9,-5.75,4.81625
-9,-5.25,5.54625
-9,-5,5.96
-9,-4.75,6.40625
-9,-4.5,6.885
-9,-4.25,7.39625
-9,-4,7.94
-9,-3.75,8.51625
-9,-3.5,9.125
-9,-3.25,9.76625
-9,-3,10.44
-9,-2.75,11.14625
-9,-2.5,11.885
-9,-2.25,12.65625
-9,-2,13.46
-9,-1.75,14.29625
-9,-1.5,15.165
-9,-1.25,16.06625
-9,-1,17
-9,-0.75,17.96625
-9,-0.5,18.965
-9,0.25,22.15625
-9,0.5,23.285
-9,0.75,24.44625
-9,1,25.64
-9,1.25,26.86625
-9,1.5,28.125
-9,2,30.74
-9,2.25,32.09625
-9,2.5,33.485
-9,2.75,34.90625
-9,3,36.36
-9,3.25,37.84625
-9,3.5,39.365
-9,3.75,40.91625
-9,4,42.5
-9,4.25,44.11625
-9,4.5,45.765
-9,4.75,47.44625
-9,5,49.16
-9,5.25,50.90625
-9,5.5,52.685
-9,5.75,54.49625
-9,6,56.34
-9,6.25,58.21625
-9,6.5,60.125
-9,7.25,66.04625
-9,7.5,68.085
-9,7.75,70.15625
-9,8,72.26
-9,8.25,74.39625
-9,8.5,76.565
-9,8.75,78.76625
-9,9,81
-9,9.25,83.26625
-9,9.5,85.565
-9,9.75,87.89625
-8.75,-10,3.90625
-8.75,-9.75,3.6725
-8.75,-9.5,3.47125
-8.75,-9.25,3.3025
-8.75,-9,3.16625
-8.75,-8.75,3.0625
-8.75,-8.5,2.99125
-8.75,-8.25,2.9525
-8.75,-8,2.94625
-8.75,-7.75,2.9725
-8.75,-7.5,3.03125
-8.75,-7.25,3.1225
-8.75,-7,3.24625
-8.75,-6.75,3.4025
-8.75,-6.5,3.59125
-8.75,-6.25,3.8125
-8.75,-6,4.06625
-8.75,-5.75,4.3525
-8.75,-5.5,4.67125
-8.75,-5.25,5.0225
-8.75,-5,5.40625
-8.75,-4.75,5.8225
-8.75,-4.5,6.27125
-8.75,-4.25,6.7525
-8.75,-4,7.26625
-8.75,-3.75,7.8125
-8.75,-3.5,8.39125
-8.75,-3.25,9.0025
-8.75,-3,9.64625
-8.75,-2.75,10.3225
-8.75,-2.5,11.03125
-8.75,-2.25,11.7725
-8.75,-2,12.54625
-8.75,-1.75,13.3525
-8.75,-1.5,14.19125
-8.75,-1.25,15.0625
-8.75,-1,15.96625
-8.75,-0.75,16.9025
-8.75,-0.5,17.87125
-8.75,-0.25,18.8725
-8.75,0.25,20.9725
-8.75,0.75,23.2025
-8.75,1,24.36625
-8.75,1.25,25.5625
-8.75,1.5,26.79125
-8.75,1.75,28.0525
-8.75,2,29.34625
-8.75,2.25,30.6725
-8.75,2.75,33.4225
-8.75,3,34.84625
-8.75,3.25,36.3025
-8.75,3.5,37.79125
-8.75,3.75,39.3125
-8.75,4,40.86625
-8.75,4.25,42.4525
-8.75,4.5,44.07125
-8.75,4.75,45.7225
-8.75,5.25,49.1225
-8.75,5.5,50.87125
-8.75,5.75,52.6525
-8.75,6.25,56.3125
-8.75,6.75,60.1025
-8.75,7,62.04625
-8.75,7.25,64.0225
-8.75,7.5,66.03125
-8.75,7.75,68.0725
-8.75,8,70.14625
-8.75,8.25,72.2525
-8.75,8.5,74.39125
-8.75,8.75,76.5625
-8.75,9,78.76625
-8.75,9.25,81.0025
-8.75,9.5,83.27125
-8.75,9.75,85.5725
-8.5,-10,3.985
-8.5,-9.75,3.72125
-8.5,-9.5,3.49
-8.5,-9.25,3.29125
-8.5,-9,3.125
-8.5,-8.75,2.99125
-8.5,-8.5,2.89
-8.5,-8,2.785
-8.5,-7.75,2.78125
-8.5,-7.25,2.87125
-8.5,-7,2.965
-8.5,-6.5,3.25
-8.5,-6.25,3.44125
-8.5,-6,3.665
-8.5,-5.75,3.92125
-8.5,-5.25,4.53125
-8.5,-5,4.885
-8.5,-4.75,5.27125
-8.5,-4.5,5.69
-8.5,-4.25,6.14125
-8.5,-4,6.625
-8.5,-3.75,7.14125
-8.5,-3.25,8.27125
-8.5,-3,8.885
-8.5,-2.75,9.53125
-8.5,-2.5,10.21
-8.5,-2.25,10.92125
-8.5,-2,11.665
-8.5,-1.75,12.44125
-8.5,-1.5,13.25
-8.5,-1.25,14.09125
-8.5,-1,14.965
-8.5,-0.75,15.87125
-8.5,-0.5,16.81
-8.5,-0.25,17.78125
-8.5,0,18.785
-8.5,0.25,19.82125
-8.5,0.5,20.89
-8.5,0.75,21.99125
-8.5,1,23.125
-8.5,1.25,24.29125
-8.5,1.5,25.49
-8.5,1.75,26.72125
-8.5,2,27.985
-8.5,2.5,30.61
-8.5,2.75,31.97125
-8.5,3,33.365
-8.5,3.5,36.25
-8.5,3.75,37.74125
-8.5,4.5,42.41
-8.5,4.75,44.03125
-8.5,5.25,47.37125
-8.5,5.5,49.09
-8.5,5.75,50.84125
-8.5,6,52.625
-8.5,6.25,54.44125
-8.5,6.75,58.17125
-8.5,7,60.085
-8.5,7.5,64.01
-8.5,7.75,66.02125
-8.5,8.5,72.25
-8.5,8.75,74.39125
-8.5,9,76.565
-8.5,9.25,78.77125
-8.5,9.5,81.01
-8.5,9.75,83.28125
-8.25,-10,4.09625
-8.25,-9.5,3.54125
-8.25,-9,3.11625
-8.25,-8.75,2.9525
-8.25,-8.25,2.7225
-8.25,-7.75,2.6225
-8.25,-7.5,2.62125
-8.25,-7.25,2.6525
-8.25,-7,2.71625
-8.25,-6.75,2.8125
-8.25,-6.5,2.94125
-8.25,-6.25,3.1025
-8.25,-6,3.29625
-8.25,-5.75,3.5225
-8.25,-5.5,3.78125
-8.25,-5.25,4.0725
-8.25,-5,4.39625
-8.25,-4.75,4.7525
-8.25,-4.5,5.14125
-8.25,-4.25,5.5625
-8.25,-4,6.01625
-8.25,-3.75,6.5025
-8.25,-3.5,7.02125
-8.25,-3.25,7.5725
-8.25,-3,8.15625
-8.25,-2.75,8.7725
-8.25,-2.5,9.42125
-8.25,-2.25,10.1025
-8.25,-2,10.81625
-8.25,-1.75,11.5625
-8.25,-1.5,12.34125
-8.25,-0.5,15.78125
-8.25,-0.25,16.7225
-8.25,0,17.69625
-8.25,0.25,18.7025
-8.25,0.5,19.74125
-8.25,0.75,20.8125
-8.25,1,21.91625
-8.25,1.25,23.0525
-8.25,1.5,24.22125
-8.25,1.75,25.4225
-8.25,2.25,27.9225
-8.25,2.5,29.22125
-8.25,2.75,30.5525
-8.25,3.25,33.3125
-8.25,3.75,36.2025
-8.25,4,37.69625
-8.25,4.25,39.2225
-8.25,4.5,40.78125
-8.25,4.75,42.3725
-8.25,5,43.99625
-8.25,5.25,45.6525
-8.25,5.5,47.34125
-8.25,5.75,49.0625
-8.25,6,50.81625
-8.25,6.25,52.6025
-8.25,6.75,56.2725
-8.25,7,58.15625
-8.25,7.25,60.0725
-8.25,7.5,62.02125
-8.25,7.75,64.0025
-8.25,8,66.01625
-8.25,8.25,68.0625
-8.25,8.5,70.14125
-8.25,8.75,72.2525
-8.25,9,74.39625
-8.25,9.25,76.5725
-8.25,9.5,78.78125
-8.25,9.75,81.0225
-8,-9.75,3.91625
-8,-9.5,3.625
-8,-9.25,3.36625
-8,-9,3.14
-8,-8.75,2.94625
-8,-8.5,2.785
-8,-8.25,2.65625
-8,-8,2.56
-8,-7.5,2.465
-8,-7.25,2.46625
-8,-7,2.5
-8,-6.75,2.56625
-8,-6.5,2.665
-8,-6.25,2.79625
-8,-6,2.96
-8,-5.75,3.15625
-8,-5.5,3.385
-8,-5.25,3.64625
-8,-5,3.94
-8,-4.75,4.26625
-8,-4.5,4.625
-8,-4.25,5.01625
-8,-4,5.44
-8,-3.75,5.89625
-8,-3.5,6.385
-8,-3.25,6.90625
-8,-2.75,8.04625
-8,-2.5,8.665
-8,-2.25,9.31625
-8,-2,10
-8,-1.75,10.71625
-8,-1.5,11.465
-8,-1.25,12.24625
-8,-1,13.06
-8,-0.75,13.90625
-8,-0.5,14.785
-8,-0.25,15.69625
-8,0,16.64
-8,0.25,17.61625
-8,0.5,18.625
-8,0.75,19.66625
-8,1,20.74
-8,1.25,21.84625
-8,1.5,22.985
-8,1.75,24.15625
-8,2,25.36
-8,2.25,26.59625
-8,2.5,27.865
-8,2.75,29.16625
-8,3.25,31.86625
-8,3.5,33.265
-8,3.75,34.69625
-8,4,36.16
-8,4.25,37.65625
-8,4.5,39.185
-8,4.75,40.74625
-8,5,42.34
-8,5.25,43.96625
-8,5.5,45.625
-8,5.75,47.31625
-8,6,49.04
-8,6.25,50.79625
-8,6.5,52.585
-8,6.75,54.40625
-8,7,56.26
-8,7.25,58.14625
-8,7.5,60.065
-8,8,64
-8,8.25,66.01625
-8,8.5,68.065
-8,8.75,70.14625
-8,9,72.26
-8,9.25,74.40625
-8,9.5,76.585
-7.75,-10,4.41625
-7.75,-9.75,4.0625
-7.75,-9.5,3.74125
-7.75,-9.25,3.4525
-7.75,-9,3.19625
-7.75,-8.75,2.9725
-7.75,-8.5,2.78125
-7.75,-7.75,2.4025
-7.75,-7.5,2.34125
-7.75,-7.25,2.3125
-7.75,-6.75,2.3525
-7.75,-6.5,2.42125
-7.75,-6.25,2.5225
-7.75,-6,2.65625
-7.75,-5.75,2.8225
-7.75,-5.5,3.02125
-7.75,-5,3.51625
-7.75,-4.75,3.8125
-7.75,-4.5,4.14125
-7.75,-4.25,4.5025
-7.75,-4,4.89625
-7.75,-3.75,5.3225
-7.75,-3.5,5.78125
-7.75,-3.25,6.2725
-7.75,-3,6.79625
-7.75,-2.75,7.3525
-7.75,-2.5,7.94125
-7.75,-2.25,8.5625
-7.75,-2,9.21625
-7.75,-1.75,9.9025
-7.75,-1.5,10.62125
-7.75,-1.25,11.3725
-7.75,-1,12.15625
-7.75,-0.75,12.9725
-7.75,-0.5,13.82125
-7.75,-0.25,14.7025
-7.75,0,15.61625
-7.75,0.25,16.5625
-7.75,0.5,17.54125
-7.75,0.75,18.5525
-7.75,1,19.59625
-7.75,1.25,20.6725
-7.75,1.5,21.78125
-7.75,2,24.09625
-7.75,2.25,25.3025
-7.75,2.5,26.54125
-7.75,2.75,27.8125
-7.75,3,29.11625
-7.75,3.25,30.4525
-7.75,3.5,31.82125
-7.75,4,34.65625
-7.75,4.25,36.1225
-7.75,4.5,37.62125
-7.75,4.75,39.1525
-7.75,5,40.71625
-7.75,5.25,42.3125
-7.75,5.5,43.94125
-7.75,6,47.29625
-7.75,6.25,49.0225
-7.75,6.5,50.78125
-7.75,6.75,52.5725
-7.75,7,54.39625
-7.75,7.25,56.2525
-7.75,7.5,58.14125
-7.75,7.75,60.0625
-7.75,8,62.01625
-7.75,8.25,64.0025
-7.75,8.5,66.02125
-7.75,9,70.15625
-7.75,9.25,72.2725
-7.75,9.75,76.6025
-7.5,-10,4.625
-7.5,-9.75,4.24125
-7.5,-9.5,3.89
-7.5,-9.25,3.57125
-7.5,-9,3.285
-7.5,-8.75,3.03125
-7.5,-8.5,2.81
-7.5,-8.25,2.62125
-7.5,-8,2.465
-7.5,-7.75,2.34125
-7.5,-7.5,2.25
-7.5,-7.25,2.19125
-7.5,-7,2.165
-7.5,-6.75,2.17125
-7.5,-6.5,2.21
-7.5,-6.25,2.28125
-7.5,-6,2.385
-7.5,-5.75,2.52125
-7.5,-5.5,2.69
-7.5,-5.25,2.89125
-7.5,-5,3.125
-7.5,-4.75,3.39125
-7.5,-4.5,3.69
-7.5,-4.25,4.02125
-7.5,-4,4.385
-7.5,-3.75,4.78125
-7.5,-3.5,5.21
-7.5,-3,6.165
-7.5,-2.75,6.69125
-7.5,-2.5,7.25
-7.5,-2.25,7.84125
-7.5,-2,8.465
-7.5,-1.75,9.12125
-7.5,-1.5,9.81
-7.5,-1.25,10.53125
-7.5,-1,11.285
-7.5,-0.75,12.07125
-7.5,-0.25,13.74125
-7.5,0,14.625
-7.5,0.5,16.49
-7.5,0.75,17.47125
-7.5,1,18.485
-7.5,1.5,20.61
-7.5,1.75,21.72125
-7.5,2,22.865
-7.5,2.25,24.04125
-7.5,2.75,26.49125
-7.5,3.25,29.07125
-7.5,3.5,30.41
-7.5,3.75,31.78125
-7.5,4,33.185
-7.5,4.25,34.62125
-7.5,4.5,36.09
-7.5,4.75,37.59125
-7.5,5,39.125
-7.5,5.25,40.69125
-7.5,5.5,42.29
-7.5,5.75,43.92125
-7.5,6,45.585
-7.5,6.25,47.28125
-7.5,6.5,49.01
-7.5,6.75,50.77125
-7.5,7,52.565
-7.5,7.25,54.39125
-7.5,7.5,56.25
-7.5,7.75,58.14125
-7.5,8,60.065
-7.5,8.25,62.02125
-7.5,8.75,66.03125
-7.5,9,68.085
-7.5,9.25,70.17125
-7.5,9.5,72.29
-7.5,9.75,74.44125
-7.25,-10,4.86625
-7.25,-9.75,4.4525
-7.25,-9.5,4.07125
-7.25,-9.25,3.7225
-7.25,-9,3.40625
-7.25,-8.75,3.1225
-7.25,-8.25,2.6525
-7.25,-8,2.46625
-7.25,-7.75,2.3125
-7.25,-7.5,2.19125
-7.25,-7.25,2.1025
-7.25,-7,2.04625
-7.25,-6.5,2.03125
-7.25,-6.25,2.0725
-7.25,-6,2.14625
-7.25,-5.75,2.2525
-7.25,-5.5,2.39125
-7.25,-5,2.76625
-7.25,-4.75,3.0025
-7.25,-4.5,3.27125
-7.25,-4.25,3.5725
-7.25,-4,3.90625
-7.25,-3.75,4.2725
-7.25,-3.5,4.67125
-7.25,-3.25,5.1025
-7.25,-3,5.56625
-7.25,-2.75,6.0625
-7.25,-2.5,6.59125
-7.25,-2.25,7.1525
-7.25,-2,7.74625
-7.25,-1.75,8.3725
-7.25,-1.5,9.03125
-7.25,-1.25,9.7225
-7.25,-1,10.44625
-7.25,-0.5,11.99125
-7.25,-0.25,12.8125
-7.25,0,13.66625
-7.25,0.25,14.5525
-7.25,0.5,15.47125
-7.25,0.75,16.4225
-7.25,1,17.40625
-7.25,1.25,18.4225
-7.25,1.5,19.47125
-7.25,1.75,20.5525
-7.25,2,21.66625
-7.25,2.25,22.8125
-7.25,2.75,25.2025
-7.25,3,26.44625
-7.25,3.25,27.7225
-7.25,3.5,29.03125
-7.25,3.75,30.3725
-7.25,4,31.74625
-7.25,4.25,33.1525
-7.25,4.5,34.59125
-7.25,5,37.56625
-7.25,5.25,39.1025
-7.25,5.75,42.2725
-7.25,6,43.90625
-7.25,6.25,45.5725
-7.25,7,50.76625
-7.25,7.25,52.5625
-7.25,7.5,54.39125
-7.25,7.75,56.2525
-7.25,8,58.14625
-7.25,8.5,62.03125
-7.25,8.75,64.0225
-7.25,9,66.04625
-7.25,9.75,72.3125
-7,-10,5.14
-7,-9.75,4.69625
-7,-9.25,3.90625
-7,-9,3.56
-7,-8.75,3.24625
-7,-8.5,2.965
-7,-8.25,2.71625
-7,-8,2.5
-7,-7.5,2.165
-7,-7.25,2.04625
-7,-7,1.96
-7,-6.75,1.90625
-7,-6.5,1.885
-7,-6.25,1.89625
-7,-6,1.94
-7,-5.75,2.01625
-7,-5.5,2.125
-7,-5.25,2.26625
-7,-5,2.44
-7,-4.75,2.64625
-7,-4.5,2.885
-7,-4,3.46
-7,-3.75,3.79625
-7,-3.5,4.165
-7,-3.25,4.56625
-7,-3,5
-7,-2.75,5.46625
-7,-2.5,5.965
-7,-2.25,6.49625
-7,-2,7.06
-7,-1.75,7.65625
-7,-1.5,8.285
-7,-1.25,8.94625
-7,-1,9.64
-7,-0.5,11.125
-7,-0.25,11.91625
-7,0,12.74
-7,0.25,13.59625
-7,0.5,14.485
-7,0.75,15.40625
-7,1,16.36
-7,1.25,17.34625
-7,1.5,18.365
-7,1.75,19.41625
-7,2,20.5
-7,2.5,22.765
-7,3,25.16
-7,3.5,27.685
-7,4,30.34
-7,4.25,31.71625
-7,4.5,33.125
-7,4.75,34.56625
-7,5,36.04
-7,5.25,37.54625
-7,5.5,39.085
-7,5.75,40.65625
-7,6,42.26
-7,6.25,43.89625
-7,6.5,45.565
-7,6.75,47.26625
-7,7,49
-7,7.25,50.76625
-7,7.5,52.565
-7,7.75,54.39625
-7,8,56.26
-7,8.25,58.15625
-7,8.5,60.085
-7,8.75,62.04625
-7,9,64.04
-7,9.25,66.06625
-7,9.75,70.21625
-6.75,-10,5.44625
-6.75,-9.5,4.53125
-6.75,-9,3.74625
-6.75,-8.75,3.4025
-6.75,-8.5,3.09125
-6.75,-8.25,2.8125
-6.75,-8,2.56625
-6.75,-7.75,2.3525
-6.75,-7.5,2.17125
-6.75,-7.25,2.0225
-6.75,-7,1.90625
-6.75,-6.75,1.8225
-6.75,-6.5,1.77125
-6.75,-6.25,1.7525
-6.75,-6,1.76625
-6.75,-5.75,1.8125
-6.75,-5.5,1.89125
-6.75,-5.25,2.0025
-6.75,-5,2.14625
-6.75,-4.75,2.3225
-6.75,-4.25,2.7725
-6.75,-4,3.04625
-6.75,-3.5,3.69125
-6.75,-3.25,4.0625
-6.75,-3,4.46625
-6.75,-2.75,4.9025
-6.75,-2.5,5.37125
-6.75,-2.25,5.8725
-6.75,-2,6.40625
-6.75,-1.75,6.9725
-6.75,-1.5,7.57125
-6.75,-1.25,8.2025
-6.75,-1,8.86625
-6.75,-0.5,10.29125
-6.75,0,11.84625
-6.75,0.25,12.6725
-6.75,0.5,13.53125
-6.75,0.75,14.4225
-6.75,1,15.34625
-6.75,1.25,16.3025
-6.75,1.5,17.29125
-6.75,1.75,18.3125
-6.75,2,19.36625
-6.75,2.25,20.4525
-6.75,2.5,21.57125
-6.75,2.75,22.7225
-6.75,3,23.90625
-6.75,3.25,25.1225
-6.75,3.5,26.37125
-6.75,3.75,27.6525
-6.75,4,28.96625
-6.75,4.25,30.3125
-6.75,4.75,33.1025
-6.75,5,34.54625
-6.75,5.25,36.0225
-6.75,5.5,37.53125
-6.75,5.75,39.0725
-6.75,6,40.64625
-6.75,6.25,42.2525
-6.75,6.5,43.89125
-6.75,6.75,45.5625
-6.75,7,47.26625
-6.75,7.25,49.0025
-6.75,7.5,50.77125
-6.75,7.75,52.5725
-6.75,8,54.40625
-6.75,8.25,56.2725
-6.75,8.5,58.17125
-6.75,8.75,60.1025
-6.75,9,62.06625
-6.75,9.5,66.09125
-6.75,9.75,68.1525
-6.5,-10,5.785
-6.5,-9.25,4.37125
-6.5,-9,3.965
-6.5,-8.75,3.59125
-6.5,-8.5,3.25
-6.5,-8.25,2.94125
-6.5,-8,2.665
-6.5,-7.75,2.42125
-6.5,-7.5,2.21
-6.5,-7.25,2.03125
-6.5,-7,1.885
-6.5,-6.75,1.77125
-6.5,-6.25,1.64125
-6.5,-6,1.625
-6.5,-5.75,1.64125
-6.5,-5.5,1.69
-6.5,-5,1.885
-6.5,-4.75,2.03125
-6.5,-4.5,2.21
-6.5,-4.25,2.42125
-6.5,-4,2.665
-6.5,-3.75,2.94125
-6.5,-3.5,3.25
-6.5,-3.25,3.59125
-6.5,-2.75,4.37125
-6.5,-2.5,4.81
-6.5,-2.25,5.28125
-6.5,-1.5,6.89
-6.5,-1,8.125
-6.5,-0.75,8.79125
-6.5,-0.5,9.49
-6.5,-0.25,10.22125
-6.5,0,10.985
-6.5,0.25,11.78125
-6.5,0.75,13.47125
-6.5,1,14.365
-6.5,1.25,15.29125
-6.5,1.5,16.25
-6.5,1.75,17.24125
-6.5,2,18.265
-6.5,2.25,19.32125
-6.5,2.5,20.41
-6.5,2.75,21.53125
-6.5,3,22.685
-6.5,3.25,23.87125
-6.5,3.5,25.09
-6.5,4,27.625
-6.5,4.75,31.67125
-6.5,5,33.085
-6.5,5.25,34.53125
-6.5,5.5,36.01
-6.5,5.75,37.52125
-6.5,6.25,40.64125
-6.5,6.5,42.25
-6.5,6.75,43.89125
-6.5,7,45.565
-6.5,7.25,47.27125
-6.5,7.5,49.01
-6.5,7.75,50.78125
-6.5,8,52.585
-6.5,8.25,54.42125
-6.5,8.5,56.29
-6.5,8.75,58.19125
-6.5,9,60.125
-6.5,9.25,62.09125
-6.5,9.5,64.09
-6.5,9.75,66.12125
-6.25,-10,6.15625
-6.25,-9.75,5.6225
-6.25,-9.5,5.12125
-6.25,-9.25,4.6525
-6.25,-9,4.21625
-6.25,-8.75,3.8125
-6.25,-8.5,3.44125
-6.25,-8.25,3.1025
-6.25,-8,2.79625
-6.25,-7.75,2.5225
-6.25,-7.5,2.28125
-6.25,-7.25,2.0725
-6.25,-7,1.89625
-6.25,-6.75,1.7525
-6.25,-6.5,1.64125
-6.25,-6.25,1.5625
-6.25,-5.75,1.5025
-6.25,-5.5,1.52125
-6.25,-5.25,1.5725
-6.25,-5,1.65625
-6.25,-4.75,1.7725
-6.25,-4.5,1.92125
-6.25,-4.25,2.1025
-6.25,-4,2.31625
-6.25,-3.75,2.5625
-6.25,-3.5,2.84125
-6.25,-3.25,3.1525
-6.25,-3,3.49625
-6.25,-2.75,3.8725
-6.25,-2.25,4.7225
-6.25,-2,5.19625
-6.25,-1.75,5.7025
-6.25,-1.5,6.24125
-6.25,-1,7.41625
-6.25,-0.75,8.0525
-6.25,-0.5,8.72125
-6.25,-0.25,9.4225
-6.25,0,10.15625
-6.25,0.25,10.9225
-6.25,0.5,11.72125
-6.25,0.75,12.5525
-6.25,1,13.41625
-6.25,1.25,14.3125
-6.25,1.5,15.24125
-6.25,1.75,16.2025
-6.25,2,17.19625
-6.25,2.25,18.2225
-6.25,2.5,19.28125
-6.25,2.75,20.3725
-6.25,3,21.49625
-6.25,3.25,22.6525
-6.25,3.5,23.84125
-6.25,3.75,25.0625
-6.25,4,26.31625
-6.25,4.25,27.6025
-6.25,4.5,28.92125
-6.25,4.75,30.2725
-6.25,5,31.65625
-6.25,5.25,33.0725
-6.25,5.5,34.52125
-6.25,5.75,36.0025
-6.25,6,37.51625
-6.25,6.25,39.0625
-6.25,6.5,40.64125
-6.25,6.75,42.2525
-6.25,7.25,45.5725
-6.25,7.5,47.28125
-6.25,8,50.79625
-6.25,8.25,52.6025
-6.25,8.5,54.44125
-6.25,8.75,56.3125
-6.25,9,58.21625
-6.25,9.5,62.12125
-6.25,9.75,64.1225
-6,-10,6.56
-6,-9.75,5.99625
-6,-9.5,5.465
-6,-9.25,4.96625
-6,-8.75,4.06625
-6,-8.5,3.665
-6,-8.25,3.29625
-6,-8,2.96
-6,-7.75,2.65625
-6,-7.5,2.385
-6,-7.25,2.14625
-6,-7,1.94
-6,-6.75,1.76625
-6,-6.5,1.625
-6,-6.25,1.51625
-6,-6,1.44
-6,-5.75,1.39625
-6,-5.5,1.385
-6,-5.25,1.40625
-6,-5,1.46
-6,-4.75,1.54625
-6,-4.5,1.665
-6,-4.25,1.81625
-6,-4,2
-6,-3.75,2.21625
-6,-3.25,2.74625
-6,-3,3.06
-6,-2.75,3.40625
-6,-2.5,3.785
-6,-2.25,4.19625
-6,-2,4.64
-6,-1.75,5.11625
-6,-1.5,5.625
-6,-1.25,6.16625
-6,-1,6.74
-6,-0.75,7.34625
-6,-0.5,7.985
-6,-0.25,8.65625
-6,0,9.36
-6,0.25,10.09625
-6,0.5,10.865
-6,0.75,11.66625
-6,1,12.5
-6,1.75,15.19625
-6,2.25,17.15625
-6,2.75,19.24625
-6,3,20.34
-6,3.25,21.46625
-6,3.5,22.625
-6,3.75,23.81625
-6,4,25.04
-6,4.25,26.29625
-6,4.5,27.585
-6,4.75,28.90625
-6,5,30.26
-6,5.25,31.64625
-6,6,36
-6,6.25,37.51625
-6,6.5,39.065
-6,6.75,40.64625
-6,7,42.26
-6,7.25,43.90625
-6,7.75,47.29625
-6,8,49.04
-6,8.5,52.625
-6,8.75,54.46625
-6,9,56.34
-6,9.25,58.24625
-6,9.5,60.185
-5.75,-10,6.99625
-5.75,-9.75,6.4025
-5.75,-9.5,5.84125
-5.75,-9.25,5.3125
-5.75,-9,4.81625
-5.75,-8.75,4.3525
-5.75,-8.5,3.92125
-5.75,-8,3.15625
-5.75,-7.75,2.8225
-5.75,-7.5,2.52125
-5.75,-7,2.01625
-5.75,-6.75,1.8125
-5.75,-6.5,1.64125
-5.75,-6.25,1.5025
-5.75,-6,1.39625
-5.75,-5.75,1.3225
-5.75,-5.5,1.28125
-5.75,-5.25,1.2725
-5.75,-5,1.29625
-5.75,-4.75,1.3525
-5.75,-4.5,1.44125
-5.75,-4.25,1.5625
-5.75,-4,1.71625
-5.75,-3.75,1.9025
-5.75,-3.5,2.12125
-5.75,-3.25,2.3725
-5.75,-3,2.65625
-5.75,-2.75,2.9725
-5.75,-2.5,3.32125
-5.75,-2.25,3.7025
-5.75,-2,4.11625
-5.75,-1.75,4.5625
-5.75,-1.5,5.04125
-5.75,-1.25,5.5525
-5.75,-1,6.09625
-5.75,-0.75,6.6725
-5.75,-0.5,7.28125
-5.75,-0.25,7.9225
-5.75,0,8.59625
-5.75,0.25,9.3025
-5.75,0.5,10.04125
-5.75,0.75,10.8125
-5.75,1.25,12.4525
-5.75,1.5,13.32125
-5.75,1.75,14.2225
-5.75,2,15.15625
-5.75,2.25,16.1225
-5.75,2.5,17.12125
-5.75,2.75,18.1525
-5.75,3,19.21625
-5.75,3.5,21.44125
-5.75,3.75,22.6025
-5.75,4,23.79625
-5.75,4.25,25.0225
-5.75,4.5,26.28125
-5.75,5,28.89625
-5.75,5.25,30.2525
-5.75,5.5,31.64125
-5.75,6,34.51625
-5.75,6.5,37.52125
-5.75,6.75,39.0725
-5.75,7,40.65625
-5.75,7.5,43.92125
-5.75,7.75,45.6025
-5.75,8,47.31625
-5.75,8.25,49.0625
-5.75,8.5,50.84125
-5.75,8.75,52.6525
-5.75,9,54.49625
-5.75,9.25,56.3725
-5.75,9.5,58.28125
-5.75,9.75,60.2225
-5.5,-10,7.465
-5.5,-9.25,5.69125
-5.5,-9,5.165
-5.5,-8.75,4.67125
-5.5,-8.5,4.21
-5.5,-8.25,3.78125
-5.5,-8,3.385
-5.5,-7.75,3.02125
-5.5,-7.5,2.69
-5.5,-7.25,2.39125
-5.5,-7,2.125
-5.5,-6.75,1.89125
-5.5,-6.5,1.69
-5.5,-6,1.385
-5.5,-5.75,1.28125
-5.5,-5.5,1.21
-5.5,-5.25,1.17125
-5.5,-5,1.165
-5.5,-4.75,1.19125
-5.5,-4.5,1.25
-5.5,-4.25,1.34125
-5.5,-4,1.465
-5.5,-3.75,1.62125
-5.5,-3.5,1.81
-5.5,-3.25,2.03125
-5.5,-3,2.285
-5.5,-2.75,2.57125
-5.5,-2.5,2.89
-5.5,-2.25,3.24125
-5.5,-2,3.625
-5.5,-1.75,4.04125
-5.5,-1.5,4.49
-5.5,-1.25,4.97125
-5.5,-1,5.485
-5.5,-0.75,6.03125
-5.5,-0.25,7.22125
-5.5,0,7.865
-5.5,0.25,8.54125
-5.5,0.5,9.25
-5.5,0.75,9.99125
-5.5,1,10.765
-5.5,1.25,11.57125
-5.5,1.5,12.41
-5.5,2,14.185
-5.5,2.5,16.09
-5.5,2.75,17.09125
-5.5,3,18.125
-5.5,3.25,19.19125
-5.5,3.5,20.29
-5.5,3.75,21.42125
-5.5,4,22.585
-5.5,4.25,23.78125
-5.5,4.5,25.01
-5.5,4.75,26.27125
-5.5,5,27.565
-5.5,5.25,28.89125
-5.5,5.5,30.25
-5.5,5.75,31.64125
-5.5,6,33.065
-5.5,6.25,34.52125
-5.5,6.75,37.53125
-5.5,7,39.085
-5.5,7.25,40.67125
-5.5,7.5,42.29
-5.5,7.75,43.94125
-5.5,8,45.625
-5.5,8.25,47.34125
-5.5,8.5,49.09
-5.5,8.75,50.87125
-5.5,9,52.685
-5.5,9.25,54.53125
-5.5,9.5,56.41
-5.5,9.75,58.32125
-5.25,-10,7.96625
-5.25,-9.75,7.3125
-5.25,-9.5,6.69125
-5.25,-9.25,6.1025
-5.25,-9,5.54625
-5.25,-8.75,5.0225
-5.25,-8.25,4.0725
-5.25,-8,3.64625
-5.25,-7.75,3.2525
-5.25,-7.5,2.89125
-5.25,-7.25,2.5625
-5.25,-7,2.26625
-5.25,-6.75,2.0025
-5.25,-6.5,1.77125
-5.25,-6.25,1.5725
-5.25,-6,1.40625
-5.25,-5.75,1.2725
-5.25,-5.5,1.17125
-5.25,-5.25,1.1025
-5.25,-4.75,1.0625
-5.25,-4.5,1.09125
-5.25,-4.25,1.1525
-5.25,-4,1.24625
-5.25,-3.75,1.3725
-5.25,-3.5,1.53125
-5.25,-3.25,1.7225
-5.25,-3,1.94625
-5.25,-2.25,2.8125
-5.25,-2,3.16625
-5.25,-1.75,3.5525
-5.25,-1.5,3.97125
-5.25,-1.25,4.4225
-5.25,-1,4.90625
-5.25,-0.75,5.4225
-5.25,-0.5,5.97125
-5.25,-0.25,6.5525
-5.25,0,7.16625
-5.25,0.25,7.8125
-5.25,0.5,8.49125
-5.25,0.75,9.2025
-5.25,1,9.94625
-5.25,1.25,10.7225
-5.25,1.5,11.53125
-5.25,1.75,12.3725
-5.25,2,13.24625
-5.25,2.25,14.1525
-5.25,2.5,15.09125
-5.25,2.75,16.0625
-5.25,3,17.06625
-5.25,3.25,18.1025
-5.25,3.5,19.17125
-5.25,3.75,20.2725
-5.25,4,21.40625
-5.25,4.25,22.5725
-5.25,4.5,23.77125
-5.25,4.75,25.0025
-5.25,5.5,28.89125
-5.25,5.75,30.2525
-5.25,6,31.64625
-5.25,6.25,33.0725
-5.25,6.5,34.53125
-5.25,6.75,36.0225
-5.25,7,37.54625
-5.25,7.5,40.69125
-5.25,7.75,42.3125
-5.25,8,43.96625
-5.25,8.5,47.37125
-5.25,8.75,49.1225
-5.25,9,50.90625
-5.25,9.5,54.57125
-5.25,9.75,56.4525
-5,-10,8.5
-5,-9.75,7.81625
-5,-9.5,7.165
-5,-9.25,6.54625
-5,-9,5.96
-5,-8.75,5.40625
-5,-8.5,4.885
-5,-8.25,4.39625
-5,-7.75,3.51625
-5,-7.5,3.125
-5,-7.25,2.76625
-5,-7,2.44
-5,-6.75,2.14625
-5,-6.5,1.885
-5,-6.25,1.65625
-5,-6,1.46
-5,-5.75,1.29625
-5,-5.5,1.165
-5,-5.25,1.06625
-5,-5,1
-5,-4.75,0.96625
-5,-4.5,0.965
-5,-4.25,0.99625
-5,-3.75,1.15625
-5,-3.5,1.285
-5,-3,1.64
-5,-2.75,1.86625
-5,-2.5,2.125
-5,-2.25,2.41625
-5,-2,2.74
-5,-1.75,3.09625
-5,-1.5,3.485
-5,-1.25,3.90625
-5,-1,4.36
-5,-0.75,4.84625
-5,-0.5,5.365
-5,-0.25,5.91625
-5,0,6.5
-5,0.25,7.11625
-5,0.5,7.765
-5,0.75,8.44625
-5,1,9.16
-5,1.25,9.90625
-5,1.5,10.685
-5,2,12.34
-5,2.25,13.21625
-5,2.5,14.125
-5,2.75,15.06625
-5,3,16.04
-5,3.25,17.04625
-5,3.75,19.15625
-5,4,20.26
-5,4.25,21.39625
-5,4.75,23.76625
-5,5.25,26.26625
-5,5.5,27.565
-5,5.75,28.89625
-5,6,30.26
-5,6.25,31.65625
-5,6.5,33.085
-5,6.75,34.54625
-5,7,36.04
-5,7.25,37.56625
-5,7.5,39.125
-5,7.75,40.71625
-5,8,42.34
-5,8.5,45.685
-5,8.75,47.40625
-5,9,49.16
-5,9.25,50.94625
-5,9.5,52.765
-5,9.75,54.61625
-4.75,-10,9.06625
-4.75,-9.75,8.3525
-4.75,-9.5,7.67125
-4.75,-9.25,7.0225
-4.75,-9,6.40625
-4.75,-8.75,5.8225
-4.75,-8.5,5.27125
-4.75,-8.25,4.7525
-4.75,-8,4.26625
-4.75,-7.75,3.8125
-4.75,-7.5,3.39125
-4.75,-7.25,3.0025
-4.75,-7,2.64625
-4.75,-6.75,2.3225
-4.75,-6.5,2.03125
-4.75,-6.25,1.7725
-4.75,-6,1.54625
-4.75,-5.75,1.3525
-4.75,-5.5,1.19125
-4.75,-5.25,1.0625
-4.75,-5,0.96625
-4.75,-4.75,0.9025
-4.75,-4.5,0.87125
-4.75,-4,0.90625
-4.75,-3.75,0.9725
-4.75,-3.5,1.07125
-4.75,-3.25,1.2025
-4.75,-3,1.36625
-4.75,-2.25,2.0525
-4.75,-2,2.34625
-4.75,-1.75,2.6725
-4.75,-1.5,3.03125
-4.75,-1.25,3.4225
-4.75,-1,3.84625
-4.75,-0.75,4.3025
-4.75,-0.5,4.79125
-4.75,-0.25,5.3125
-4.75,0,5.86625
-4.75,0.25,6.4525
-4.75,0.5,7.07125
-4.75,1,8.40625
-4.75,1.25,9.1225
-4.75,1.5,9.87125
-4.75,1.75,10.6525
-4.75,2,11.46625
-4.75,2.25,12.3125
-4.75,2.75,14.1025
-4.75,3,15.04625
-4.75,3.25,16.0225
-4.75,3.75,18.0725
-4.75,4,19.14625
-4.75,4.5,21.39125
-4.75,4.75,22.5625
-4.75,5,23.76625
-4.75,5.25,25.0025
-4.75,5.5,26.27125
-4.75,5.75,27.5725
-4.75,6,28.90625
-4.75,6.25,30.2725
-4.75,6.5,31.67125
-4.75,7,34.56625
-4.75,7.5,37.59125
-4.75,7.75,39.1525
-4.75,8,40.74625
-4.75,8.25,42.3725
-4.75,8.5,44.03125
-4.75,8.75,45.7225
-4.75,9,47.44625
-4.75,9.25,49.2025
-4.75,9.5,50.99125
-4.75,9.75,52.8125
-4.5,-10,9.665
-4.5,-9.75,8.92125
-4.5,-9.5,8.21
-4.5,-9.25,7.53125
-4.5,-9,6.885
-4.5,-8.75,6.27125
-4.5,-8.5,5.69
-4.5,-8.25,5.14125
-4.5,-8,4.625
-4.5,-7.75,4.14125
-4.5,-7.5,3.69
-4.5,-7.25,3.27125
-4.5,-7,2.885
-4.5,-6.75,2.53125
-4.5,-6.5,2.21
-4.5,-6.25,1.92125
-4.5,-6,1.665
-4.5,-5.75,1.44125
-4.5,-5.5,1.25
-4.5,-5.25,1.09125
-4.5,-5,0.965
-4.5,-4.75,0.87125
-4.5,-4.5,0.81
-4.5,-4.25,0.78125
-4.5,-4,0.785
-4.5,-3.75,0.82125
-4.5,-3.5,0.89
-4.5,-3.25,0.99125
-4.5,-3,1.125
-4.5,-2.75,1.29125
-4.5,-2.5,1.49
-4.5,-2,1.985
-4.5,-1.75,2.28125
-4.5,-1.5,2.61
-4.5,-1.25,2.97125
-4.5,-1,3.365
-4.5,-0.75,3.79125
-4.5,-0.5,4.25
-4.5,-0.25,4.74125
-4.5,0,5.265
-4.5,0.25,5.82125
-4.5,0.5,6.41
-4.5,0.75,7.03125
-4.5,1,7.685
-4.5,1.25,8.37125
-4.5,1.5,9.09
-4.5,1.75,9.84125
-4.5,2,10.625
-4.5,2.25,11.44125
-4.5,2.5,12.29
-4.5,2.75,13.17125
-4.5,3,14.085
-4.5,3.25,15.03125
-4.5,3.5,16.01
-4.5,3.75,17.02125
-4.5,4,18.065
-4.5,4.25,19.14125
-4.5,4.5,20.25
-4.5,4.75,21.39125
-4.5,5,22.565
-4.5,5.25,23.77125
-4.5,5.5,25.01
-4.5,5.75,26.28125
-4.5,6,27.585
-4.5,6.25,28.92125
-4.5,6.5,30.29
-4.5,6.75,31.69125
-4.5,7,33.125
-4.5,7.25,34.59125
-4.5,7.5,36.09
-4.5,7.75,37.62125
-4.5,8,39.185
-4.5,8.25,40.78125
-4.5,8.5,42.41
-4.5,8.75,44.07125
-4.5,9,45.765
-4.5,9.5,49.25
-4.25,-9.75,9.5225
-4.25,-9.5,8.78125
-4.25,-9,7.39625
-4.25,-8.75,6.7525
-4.25,-8.5,6.14125
-4.25,-8,5.01625
-4.25,-7.75,4.5025
-4.25,-7.5,4.02125
-4.25,-7.25,3.5725
-4.25,-7,3.15625
-4.25,-6.75,2.7725
-4.25,-6.5,2.42125
-4.25,-6.25,2.1025
-4.25,-6,1.81625
-4.25,-5.75,1.5625
-4.25,-5.5,1.34125
-4.25,-5.25,1.1525
-4.25,-4.75,0.8725
-4.25,-4.5,0.78125
-4.25,-4.25,0.7225
-4.25,-3.75,0.7025
-4.25,-3.5,0.74125
-4.25,-3.25,0.8125
-4.25,-3,0.91625
-4.25,-2.75,1.0525
-4.25,-2.25,1.4225
-4.25,-2,1.65625
-4.25,-1.75,1.9225
-4.25,-1.5,2.22125
-4.25,-1.25,2.5525
-4.25,-1,2.91625
-4.25,-0.75,3.3125
-4.25,-0.5,3.74125
-4.25,-0.25,4.2025
-4.25,0.25,5.2225
-4.25,0.5,5.78125
-4.25,0.75,6.3725
-4.25,1,6.99625
-4.25,1.5,8.34125
-4.25,1.75,9.0625
-4.25,2,9.81625
-4.25,2.25,10.6025
-4.25,2.5,11.42125
-4.25,2.75,12.2725
-4.25,3,13.15625
-4.25,3.25,14.0725
-4.25,3.5,15.02125
-4.25,3.75,16.0025
-4.25,4,17.01625
-4.25,4.25,18.0625
-4.25,4.5,19.14125
-4.25,4.75,20.2525
-4.25,5,21.39625
-4.25,5.25,22.5725
-4.25,5.5,23.78125
-4.25,5.75,25.0225
-4.25,6,26.29625
-4.25,6.25,27.6025
-4.25,6.5,28.94125
-4.25,6.75,30.3125
-4.25,7,31.71625
-4.25,7.25,33.1525
-4.25,7.5,34.62125
-4.25,7.75,36.1225
-4.25,8,37.65625
-4.25,8.25,39.2225
-4.25,8.5,40.82125
-4.25,8.75,42.4525
-4.25,9,44.11625
-4.25,9.25,45.8125
-4.25,9.5,47.54125
-4.25,9.75,49.3025
-4,-10,10.96
-4,-9.75,10.15625
-4,-9.5,9.385
-4,-9.25,8.64625
-4,-8.75,7.26625
-4,-8.5,6.625
-4,-8.25,6.01625
-4,-8,5.44
-4,-7.75,4.89625
-4,-7.5,4.385
-4,-7,3.46
-4,-6.75,3.04625
-4,-6.5,2.665
-4,-6.25,2.31625
-4,-6,2
-4,-5.75,1.71625
-4,-5.5,1.465
-4,-5.25,1.24625
-4,-5,1.06
-4,-4.75,0.90625
-4,-4.5,0.785
-4,-4,0.64
-4,-3.75,0.61625
-4,-3.5,0.625
-4,-3.25,0.66625
-4,-3,0.74
-4,-2.5,0.985
-4,-2.25,1.15625
-4,-2,1.36
-4,-1.75,1.59625
-4,-1.5,1.865
-4,-1.25,2.16625
-4,-1,2.5
-4,-0.75,2.86625
-4,-0.5,3.265
-4,-0.25,3.69625
-4,0,4.16
-4,0.25,4.65625
-4,0.5,5.185
-4,1,6.34
-4,1.25,6.96625
-4,1.5,7.625
-4,1.75,8.31625
-4,2,9.04
-4,2.25,9.79625
-4,2.5,10.585
-4,2.75,11.40625
-4,3,12.26
-4,3.25,13.14625
-4,3.5,14.065
-4,3.75,15.01625
-4,4,16
-4,4.75,19.14625
-4,5.25,21.40625
-4,5.5,22.585
-4,5.75,23.79625
-4,6,25.04
-4,6.25,26.31625
-4,6.5,27.625
-4,6.75,28.96625
-4,7,30.34
-4,7.25,31.74625
-4,7.5,33.185
-4,7.75,34.65625
-4,8,36.16
-4,8.25,37.69625
-4,8.5,39.265
-4,8.75,40.86625
-4,9.25,44.16625
-4,9.5,45.865
-4,9.75,47.59625
-3.75,-9.5,10.02125
-3.75,-9.25,9.2525
-3.75,-9,8.51625
-3.75,-8.75,7.8125
-3.75,-8.5,7.14125
-3.75,-8.25,6.5025
-3.75,-8,5.89625
-3.75,-7.75,5.3225
-3.75,-7.5,4.78125
-3.75,-7.25,4.2725
-3.75,-7,3.79625
-3.75,-6.75,3.3525
-3.75,-6.5,2.94125
-3.75,-6.25,2.5625
-3.75,-6,2.21625
-3.75,-5.75,1.9025
-3.75,-5.5,1.62125
-3.75,-5.25,1.3725
-3.75,-4.75,0.9725
-3.75,-4,0.61625
-3.75,-3.75,0.5625
-3.75,-3.5,0.54125
-3.75,-3.25,0.5525
-3.75,-3,0.59625
-3.75,-2.75,0.6725
-3.75,-2.5,0.78125
-3.75,-2.25,0.9225
-3.75,-2,1.09625
-3.75,-1.75,1.3025
-3.75,-1.5,1.54125
-3.75,-1.25,1.8125
-3.75,-1,2.11625
-3.75,-0.75,2.4525
-3.75,-0.5,2.82125
-3.75,-0.25,3.2225
-3.75,0,3.65625
-3.75,0.25,4.1225
-3.75,0.5,4.62125
-3.75,0.75,5.1525
-3.75,1,5.71625
-3.75,1.25,6.3125
-3.75,1.5,6.94125
-3.75,1.75,7.6025
-3.75,2,8.29625
-3.75,2.25,9.0225
-3.75,2.5,9.78125
-3.75,2.75,10.5725
-3.75,3,11.39625
-3.75,3.25,12.2525
-3.75,3.5,13.14125
-3.75,3.75,14.0625
-3.75,4,15.01625
-3.75,4.25,16.0025
-3.75,4.75,18.0725
-3.75,5.25,20.2725
-3.75,5.5,21.42125
-3.75,5.75,22.6025
-3.75,6,23.81625
-3.75,6.25,25.0625
-3.75,6.5,26.34125
-3.75,6.75,27.6525
-3.75,7,28.99625
-3.75,7.25,30.3725
-3.75,7.5,31.78125
-3.75,7.75,33.2225
-3.75,8,34.69625
-3.75,8.25,36.2025
-3.75,8.5,37.74125
-3.75,8.75,39.3125
-3.75,9,40.91625
-3.75,9.25,42.5525
-3.75,9.75,45.9225
-3.5,-10,12.385
-3.5,-9.75,11.52125
-3.5,-9.5,10.69
-3.5,-9.25,9.89125
-3.5,-9,9.125
-3.5,-8.75,8.39125
-3.5,-8.5,7.69
-3.5,-8,6.385
-3.5,-7.75,5.78125
-3.5,-7.25,4.67125
-3.5,-7,4.165
-3.5,-6.75,3.69125
-3.5,-6.5,3.25
-3.5,-6.25,2.84125
-3.5,-5.75,2.12125
-3.5,-5.25,1.53125
-3.5,-5,1.285
-3.5,-4.75,1.07125
-3.5,-4.5,0.89
-3.5,-4,0.625
-3.5,-3.75,0.54125
-3.5,-3.5,0.49
-3.5,-3.25,0.47125
-3.5,-3,0.485
-3.5,-2.75,0.53125
-3.5,-2.5,0.61
-3.5,-2,0.865
-3.5,-1.75,1.04125
-3.5,-1.5,1.25
-3.5,-1.25,1.49125
-3.5,-1,1.765
-3.5,-0.75,2.07125
-3.5,-0.5,2.41
-3.5,-0.25,2.78125
-3.5,0,3.185
-3.5,0.5,4.09
-3.5,0.75,4.59125
-3.5,1,5.125
-3.5,1.25,5.69125
-3.5,1.5,6.29
-3.5,2,7.585
-3.5,2.25,8.28125
-3.5,2.5,9.01
-3.5,2.75,9.77125
-3.5,3,10.565
-3.5,3.75,13.14125
-3.5,4,14.065
-3.5,4.25,15.02125
-3.5,4.75,17.03125
-3.5,5,18.085
-3.5,5.25,19.17125
-3.5,5.5,20.29
-3.5,6,22.625
-3.5,6.25,23.84125
-3.5,6.5,25.09
-3.5,6.75,26.37125
-3.5,7,27.685
-3.5,7.25,29.03125
-3.5,7.5,30.41
-3.5,7.75,31.82125
-3.5,8,33.265
-3.5,8.25,34.74125
-3.5,8.5,36.25
-3.5,8.75,37.79125
-3.5,9,39.365
-3.5,9.25,40.97125
-3.5,9.5,42.61
-3.5,9.75,44.28125
-3.25,-10,13.14625
-3.25,-9.75,12.2525
-3.25,-9.5,11.39125
-3.25,-9.25,10.5625
-3.25,-9,9.76625
-3.25,-8.75,9.0025
-3.25,-8.5,8.27125
-3.25,-8.25,7.5725
-3.25,-8,6.90625
-3.25,-7.75,6.2725
-3.25,-7,4.56625
-3.25,-6.75,4.0625
-3.25,-6.25,3.1525
-3.25,-6,2.74625
-3.25,-5.75,2.3725
-3.25,-5.5,2.03125
-3.25,-5.25,1.7225
-3.25,-4.75,1.2025
-3.25,-4.25,0.8125
-3.25,-4,0.66625
-3.25,-3.75,0.5525
-3.25,-3.5,0.47125
-3.25,-3.25,0.4225
-3.25,-3,0.40625
-3.25,-2.75,0.4225
-3.25,-2.5,0.47125
-3.25,-2,0.66625
-3.25,-1.75,0.8125
-3.25,-1.5,0.99125
-3.25,-1.25,1.2025
-3.25,-1,1.44625
-3.25,-0.75,1.7225
-3.25,-0.5,2.03125
-3.25,-0.25,2.3725
-3.25,0,2.74625
-3.25,0.25,3.1525
-3.25,0.5,3.59125
-3.25,0.75,4.0625
-3.25,1.5,5.67125
-3.25,1.75,6.2725
-3.25,2,6.90625
-3.25,2.25,7.5725
-3.25,2.5,8.27125
-3.25,2.75,9.0025
-3.25,3,9.76625
-3.25,3.25,10.5625
-3.25,3.5,11.39125
-3.25,4,13.14625
-3.25,4.25,14.0725
-3.25,4.5,15.03125
-3.25,4.75,16.0225
-3.25,5,17.04625
-3.25,5.25,18.1025
-3.25,5.5,19.19125
-3.25,5.75,20.3125
-3.25,6,21.46625
-3.25,6.25,22.6525
-3.25,6.5,23.87125
-3.25,6.75,25.1225
-3.25,7,26.40625
-3.25,7.25,27.7225
-3.25,7.5,29.07125
-3.25,7.75,30.4525
-3.25,8,31.86625
-3.25,8.25,33.3125
-3.25,8.5,34.79125
-3.25,8.75,36.3025
-3.25,9,37.84625
-3.25,9.25,39.4225
-3.25,9.5,41.03125
-3.25,9.75,42.6725
-3,-10,13.94
-3,-9.5,12.125
-3,-9.25,11.26625
-3,-9,10.44
-3,-8.75,9.64625
-3,-8.5,8.885
-3,-8.25,8.15625
-3,-8,7.46
-3,-7.75,6.79625
-3,-7.5,6.165
-3,-7.25,5.56625
-3,-7,5
-3,-6.75,4.46625
-3,-6.5,3.965
-3,-6.25,3.49625
-3,-6,3.06
-3,-5.75,2.65625
-3,-5.5,2.285
-3,-5.25,1.94625
-3,-5,1.64
-3,-4.75,1.36625
-3,-4.5,1.125
-3,-4.25,0.91625
-3,-4,0.74
-3,-3.75,0.59625
-3,-3.5,0.485
-3,-3.25,0.40625
-3,-2.75,0.34625
-3,-2.5,0.365
-3,-2,0.5
-3,-1.75,0.61625
-3,-1.5,0.765
-3,-1.25,0.94625
-3,-0.75,1.40625
-3,-0.5,1.685
-3,-0.25,1.99625
-3,0,2.34
-3,0.25,2.71625
-3,0.5,3.125
-3,0.75,3.56625
-3,1,4.04
-3,1.25,4.54625
-3,1.5,5.085
-3,1.75,5.65625
-3,2,6.26
-3,2.25,6.89625
-3,2.5,7.565
-3,2.75,8.26625
-3,3,9
-3,3.25,9.76625
-3,3.5,10.565
-3,3.75,11.39625
-3,4,12.26
-3,4.25,13.15625
-3,4.5,14.085
-3,4.75,15.04625
-3,5,16.04
-3,5.25,17.06625
-3,5.5,18.125
-3,6,20.34
-3,6.25,21.49625
-3,6.5,22.685
-3,7,25.16
-3,7.25,26.44625
-3,7.5,27.765
-3,7.75,29.11625
-3,8,30.5
-3,8.5,33.365
-3,9,36.36
-3,9.25,37.90625
-3,9.5,39.485
-2.75,-10,14.76625
-2.75,-9.75,13.8125
-2.75,-9.5,12.89125
-2.75,-9.25,12.0025
-2.75,-9,11.14625
-2.75,-8.75,10.3225
-2.75,-8.25,8.7725
-2.75,-8,8.04625
-2.75,-7.75,7.3525
-2.75,-7.5,6.69125
-2.75,-7.25,6.0625
-2.75,-7,5.46625
-2.75,-6.75,4.9025
-2.75,-6.5,4.37125
-2.75,-5.75,2.9725
-2.75,-5.5,2.57125
-2.75,-5.25,2.2025
-2.75,-5,1.86625
-2.75,-4.75,1.5625
-2.75,-4.5,1.29125
-2.75,-4.25,1.0525
-2.75,-4,0.84625
-2.75,-3.75,0.6725
-2.75,-3.5,0.53125
-2.75,-3.25,0.4225
-2.75,-2.75,0.3025
-2.75,-2.25,0.3125
-2.75,-2,0.36625
-2.75,-1.75,0.4525
-2.75,-1.5,0.57125
-2.75,-1.25,0.7225
-2.75,-1,0.90625
-2.75,-0.75,1.1225
-2.75,-0.5,1.37125
-2.75,-0.25,1.6525
-2.75,0,1.96625
-2.75,0.25,2.3125
-2.75,0.75,3.1025
-2.75,1,3.54625
-2.75,1.25,4.0225
-2.75,1.75,5.0725
-2.75,2,5.64625
-2.75,2.25,6.2525
-2.75,2.5,6.89125
-2.75,2.75,7.5625
-2.75,3,8.26625
-2.75,3.25,9.0025
-2.75,3.5,9.77125
-2.75,3.75,10.5725
-2.75,4,11.40625
-2.75,4.25,12.2725
-2.75,4.5,13.17125
-2.75,4.75,14.1025
-2.75,5,15.06625
-2.75,5.5,17.09125
-2.75,5.75,18.1525
-2.75,6,19.24625
-2.75,6.5,21.53125
-2.75,6.75,22.7225
-2.75,7,23.94625
-2.75,7.25,25.2025
-2.75,7.75,27.8125
-2.75,8,29.16625
-2.75,8.25,30.5525
-2.75,8.5,31.97125
-2.75,8.75,33.4225
-2.75,9,34.90625
-2.75,9.25,36.4225
-2.75,9.5,37.97125
-2.75,9.75,39.5525
-2.5,-10,15.625
-2.5,-9.5,13.69
-2.5,-9.25,12.77125
-2.5,-9,11.885
-2.5,-8.75,11.03125
-2.5,-8.5,10.21
-2.5,-8.25,9.42125
-2.5,-7.75,7.94125
-2.5,-7.5,7.25
-2.5,-7.25,6.59125
-2.5,-7,5.965
-2.5,-6.75,5.37125
-2.5,-6.5,4.81
-2.5,-6.25,4.28125
-2.5,-6,3.785
-2.5,-5.75,3.32125
-2.5,-5.5,2.89
-2.5,-5.25,2.49125
-2.5,-5,2.125
-2.5,-4.75,1.79125
-2.5,-4.5,1.49
-2.5,-4.25,1.22125
-2.5,-4,0.985
-2.5,-3.75,0.78125
-2.5,-3.5,0.61
-2.5,-3.25,0.47125
-2.5,-3,0.365
-2.5,-2.75,0.29125
-2.5,-2.5,0.25
-2.5,-2.25,0.24125
-2.5,-2,0.265
-2.5,-1.75,0.32125
-2.5,-1.5,0.41
-2.5,-1.25,0.53125
-2.5,-1,0.685
-2.5,-0.75,0.87125
-2.5,-0.5,1.09
-2.5,-0.25,1.34125
-2.5,0,1.625
-2.5,0.5,2.29
-2.5,0.75,2.67125
-2.5,1,3.085
-2.5,1.25,3.53125
-2.5,1.5,4.01
-2.5,1.75,4.52125
-2.5,2,5.065
-2.5,2.25,5.64125
-2.5,2.5,6.25
-2.5,2.75,6.89125
-2.5,3.25,8.27125
-2.5,3.5,9.01
-2.5,3.75,9.78125
-2.5,4,10.585
-2.5,4.5,12.29
-2.5,4.75,13.19125
-2.5,5,14.125
-2.5,5.25,15.09125
-2.5,5.5,16.09
-2.5,5.75,17.12125
-2.5,6,18.185
-2.5,6.25,19.28125
-2.5,6.5,20.41
-2.5,6.75,21.57125
-2.5,7,22.765
-2.5,7.25,23.99125
-2.5,7.75,26.54125
-2.5,8,27.865
-2.5,8.25,29.22125
-2.5,8.75,32.03125
-2.5,9,33.485
-2.5,9.25,34.97125
-2.5,9.5,36.49
-2.5,9.75,38.04125
-2.25,-9.75,15.5025
-2.25,-9.5,14.52125
-2.25,-9.25,13.5725
-2.25,-9,12.65625
-2.25,-8.75,11.7725
-2.25,-8.5,10.92125
-2.25,-8.25,10.1025
-2.25,-8,9.31625
-2.25,-7.75,8.5625
-2.25,-7.5,7.84125
-2.25,-7,6.49625
-2.25,-6.75,5.8725
-2.25,-6.5,5.28125
-2.25,-6.25,4.7225
-2.25,-6,4.19625
-2.25,-5.75,3.7025
-2.25,-5.25,2.8125
-2.25,-5,2.41625
-2.25,-4.75,2.0525
-2.25,-4.5,1.72125
-2.25,-4,1.15625
-2.25,-3.75,0.9225
-2.25,-3.5,0.72125
-2.25,-3,0.41625
-2.25,-2.75,0.3125
-2.25,-2.5,0.24125
-2.25,-2,0.19625
-2.25,-1.75,0.2225
-2.25,-1.5,0.28125
-2.25,-1.25,0.3725
-2.25,-0.75,0.6525
-2.25,-0.5,0.84125
-2.25,-0.25,1.0625
-2.25,0,1.31625
-2.25,0.25,1.6025
-2.25,0.5,1.92125
-2.25,1,2.65625
-2.25,1.25,3.0725
-2.25,1.5,3.52125
-2.25,1.75,4.0025
-2.25,2,4.51625
-2.25,2.25,5.0625
-2.25,2.5,5.64125
-2.25,2.75,6.2525
-2.25,3,6.89625
-2.25,3.25,7.5725
-2.25,3.5,8.28125
-2.25,4,9.79625
-2.25,4.25,10.6025
-2.25,4.5,11.44125
-2.25,4.75,12.3125
-2.25,5,13.21625
-2.25,5.25,14.1525
-2.25,5.5,15.12125
-2.25,5.75,16.1225
-2.25,6,17.15625
-2.25,6.25,18.2225
-2.25,6.5,19.32125
-2.25,6.75,20.4525
-2.25,7,21.61625
-2.25,7.25,22.8125
-2.25,7.5,24.04125
-2.25,7.75,25.3025
-2.25,8.25,27.9225
-2.25,8.5,29.28125
-2.25,8.75,30.6725
-2.25,9.25,33.5525
-2.25,9.5,35.04125
-2.25,9.75,36.5625
-2,-10,17.44
-2,-9.75,16.39625
-2,-9.5,15.385
-2,-9.25,14.40625
-2,-9,13.46
-2,-8.75,12.54625
-2,-8.5,11.665
-2,-8.25,10.81625
-2,-8,10
-2,-7.75,9.21625
-2,-7.5,8.465
-2,-7.25,7.74625
-2,-7,7.06
-2,-6.75,6.40625
-2,-6.5,5.785
-2,-6.25,5.19625
-2,-6,4.64
-2,-5.5,3.625
-2,-5.25,3.16625
-2,-5,2.74
-2,-4.75,2.34625
-2,-4.25,1.65625
-2,-3.75,1.09625
-2,-3.5,0.865
-2,-3.25,0.66625
-2,-3,0.5
-2,-2.75,0.36625
-2,-2.5,0.265
-2,-2.25,0.19625
-2,-1.75,0.15625
-2,-1.5,0.185
-2,-1,0.34
-2,-0.75,0.46625
-2,-0.5,0.625
-2,-0.25,0.81625
-2,0.25,1.29625
-2,0.5,1.585
-2,0.75,1.90625
-2,1,2.26
-2,1.25,2.64625
-2,1.5,3.065
-2,1.75,3.51625
-2,2,4
-2,2.25,4.51625
-2,2.5,5.065
-2,2.75,5.64625
-2,3,6.26
-2,3.25,6.90625
-2,3.5,7.585
-2,4,9.04
-2,4.25,9.81625
-2,4.5,10.625
-2,4.75,11.46625
-2,5.25,13.24625
-2,5.5,14.185
-2,5.75,15.15625
-2,6,16.16
-2,6.25,17.19625
-2,6.5,18.265
-2,6.75,19.36625
-2,7,20.5
-2,7.25,21.66625
-2,7.5,22.865
-2,7.75,24.09625
-2,8,25.36
-2,8.25,26.65625
-2,8.5,27.985
-2,8.75,29.34625
-2,9,30.74
-2,9.25,32.16625
-2,9.5,33.625
-2,9.75,35.11625
-1.75,-10,18.39625
-1.75,-9.75,17.3225
-1.75,-9,14.29625
-1.75,-8.75,13.3525
-1.75,-8.5,12.44125
-1.75,-8,10.71625
-1.75,-7.75,9.9025
-1.75,-7.5,9.12125
-1.75,-7.25,8.3725
-1.75,-7,7.65625
-1.75,-6.75,6.9725
-1.75,-6.5,6.32125
-1.75,-6.25,5.7025
-1.75,-6,5.11625
-1.75,-5.75,4.5625
-1.75,-5.5,4.04125
-1.75,-5.25,3.5525
-1.75,-5,3.09625
-1.75,-4.5,2.28125
-1.75,-4.25,1.9225
-1.75,-4,1.59625
-1.75,-3.75,1.3025
-1.75,-3.5,1.04125
-1.75,-3.25,0.8125
-1.75,-3,0.61625
-1.75,-2.75,0.4525
-1.75,-2.5,0.32125
-1.75,-2.25,0.2225
-1.75,-2,0.15625
-1.75,-1.75,0.1225
-1.75,-1.5,0.12125
-1.75,-1.25,0.1525
-1.75,-0.5,0.44125
-1.75,-0.25,0.6025
-1.75,0.25,1.0225
-1.75,0.75,1.5725
-1.75,1,1.89625
-1.75,1.75,3.0625
-1.75,2,3.51625
-1.75,2.25,4.0025
-1.75,2.5,4.52125
-1.75,2.75,5.0725
-1.75,3,5.65625
-1.75,3.5,6.92125
-1.75,3.75,7.6025
-1.75,4,8.31625
-1.75,4.25,9.0625
-1.75,4.5,9.84125
-1.75,4.75,10.6525
-1.75,5,11.49625
-1.75,5.25,12.3725
-1.75,5.5,13.28125
-1.75,5.75,14.2225
-1.75,6,15.19625
-1.75,6.25,16.2025
-1.75,6.5,17.24125
-1.75,6.75,18.3125
-1.75,7,19.41625
-1.75,7.25,20.5525
-1.75,7.5,21.72125
-1.75,8,24.15625
-1.75,8.25,25.4225
-1.75,8.5,26.72125
-1.75,8.75,28.0525
-1.75,9.25,30.8125
-1.75,9.5,32.24125
-1.75,9.75,33.7025
-1.5,-10,19.385
-1.5,-9.75,18.28125
-1.5,-9.5,17.21
-1.5,-9.25,16.17125
-1.5,-9,15.165
-1.5,-8.75,14.19125
-1.5,-8.5,13.25
-1.5,-8.25,12.34125
-1.5,-8,11.465
-1.5,-7.75,10.62125
-1.5,-7.5,9.81
-1.5,-7,8.285
-1.5,-6.5,6.89
-1.5,-6.25,6.24125
-1.5,-6,5.625
-1.5,-5.75,5.04125
-1.5,-5.5,4.49
-1.5,-5.25,3.97125
-1.5,-4.75,3.03125
-1.5,-4.5,2.61
-1.5,-4.25,2.22125
-1.5,-4,1.865
-1.5,-3.75,1.54125
-1.5,-3.5,1.25
-1.5,-3.25,0.99125
-1.5,-3,0.765
-1.5,-2.75,0.57125
-1.5,-2.5,0.41
-1.5,-2,0.185
-1.5,-1.75,0.12125
-1.5,-1.5,0.09
-1.5,-1,0.125
-1.5,-0.5,0.29
-1.5,-0.25,0.42125
-1.5,0,0.585
-1.5,0.25,0.78125
-1.5,0.5,1.01
-1.5,0.75,1.27125
-1.5,1,1.565
-1.5,1.25,1.89125
-1.5,1.5,2.25
-1.5,1.75,2.64125
-1.5,2,3.065
-1.5,2.25,3.52125
-1.5,2.5,4.01
-1.5,2.75,4.53125
-1.5,3,5.085
-1.5,3.5,6.29
-1.5,3.75,6.94125
-1.5,4,7.625
-1.5,4.5,9.09
-1.5,4.75,9.87125
-1.5,5,10.685
-1.5,5.25,11.53125
-1.5,5.5,12.41
-1.5,5.75,13.32125
-1.5,6,14.265
-1.5,6.25,15.24125
-1.5,6.5,16.25
-1.5,6.75,17.29125
-1.5,7,18.365
-1.5,7.25,19.47125
-1.5,7.5,20.61
-1.5,7.75,21.78125
-1.5,8,22.985
-1.5,8.25,24.22125
-1.5,8.75,26.79125
-1.5,9,28.125
-1.5,9.25,29.49125
-1.5,9.5,30.89
-1.5,9.75,32.32125
-1.25,-10,20.40625
-1.25,-9.75,19.2725
-1.25,-9.5,18.17125
-1.25,-9.25,17.1025
-1.25,-9,16.06625
-1.25,-8.75,15.0625
-1.25,-8.5,14.09125
-1.25,-8.25,13.1525
-1.25,-7.75,11.3725
-1.25,-7.5,10.53125
-1.25,-7.25,9.7225
-1.25,-6.75,8.2025
-1.25,-6.5,7.49125
-1.25,-6.25,6.8125
-1.25,-6,6.16625
-1.25,-5.75,5.5525
-1.25,-5.5,4.97125
-1.25,-5.25,4.4225
-1.25,-5,3.90625
-1.25,-4.75,3.4225
-1.25,-4.5,2.97125
-1.25,-4.25,2.5525
-1.25,-4,2.16625
-1.25,-3.5,1.49125
-1.25,-3.25,1.2025
-1.25,-3,0.94625
-1.25,-2.75,0.7225
-1.25,-2.5,0.53125
-1.25,-2.25,0.3725
-1.25,-2,0.24625
-1.25,-1.75,0.1525
-1.25,-1.5,0.09125
-1.25,-1,0.06625
-1.25,-0.75,0.1025
-1.25,-0.5,0.17125
-1.25,-0.25,0.2725
-1.25,0,0.40625
-1.25,0.25,0.5725
-1.25,0.5,0.77125
-1.25,0.75,1.0025
-1.25,1,1.26625
-1.25,1.25,1.5625
-1.25,1.5,1.89125
-1.25,1.75,2.2525
-1.25,2,2.64625
-1.25,2.25,3.0725
-1.25,2.5,3.53125
-1.25,3,4.54625
-1.25,3.25,5.1025
-1.25,3.5,5.69125
-1.25,3.75,6.3125
-1.25,4.25,7.6525
-1.25,4.5,8.37125
-1.25,4.75,9.1225
-1.25,5,9.90625
-1.25,5.25,10.7225
-1.25,5.75,12.4525
-1.25,6,13.36625
-1.25,6.25,14.3125
-1.25,6.5,15.29125
-1.25,6.75,16.3025
-1.25,7,17.34625
-1.25,7.25,18.4225
-1.25,7.5,19.53125
-1.25,7.75,20.6725
-1.25,8,21.84625
-1.25,8.25,23.0525
-1.25,8.5,24.29125
-1.25,8.75,25.5625
-1.25,9.25,28.2025
-1.25,9.5,29.57125
-1.25,9.75,30.9725
-1,-10,21.46
-1,-9.75,20.29625
-1,-9.5,19.165
-1,-9.25,18.06625
-1,-9,17
-1,-8.5,14.965
-1,-8.25,13.99625
-1,-8,13.06
-1,-7.75,12.15625
-1,-7.5,11.285
-1,-7.25,10.44625
-1,-7,9.64
-1,-6.75,8.86625
-1,-6.5,8.125
-1,-6.25,7.41625
-1,-6,6.74
-1,-5.75,6.09625
-1,-5.5,5.485
-1,-5.25,4.90625
-1,-5,4.36
-1,-4.75,3.84625
-1,-4.5,3.365
-1,-4.25,2.91625
-1,-4,2.5
-1,-3.75,2.11625
-1,-3.5,1.765
-1,-3.25,1.44625
-1,-3,1.16
-1,-2.75,0.90625
-1,-2.5,0.685
-1,-2.25,0.49625
-1,-1.75,0.21625
-1,-1.25,0.06625
-1,-1,0.04
-1,-0.75,0.04625
-1,-0.5,0.085
-1,-0.25,0.15625
-1,0,0.26
-1,0.25,0.39625
-1,0.5,0.565
-1,0.75,0.76625
-1,1,1
-1,1.25,1.26625
-1,1.5,1.565
-1,1.75,1.89625
-1,2,2.26
-1,2.25,2.65625
-1,2.5,3.085
-1,3,4.04
-1,3.25,4.56625
-1,3.5,5.125
-1,3.75,5.71625
-1,4,6.34
-1,4.25,6.99625
-1,4.5,7.685
-1,4.75,8.40625
-1,5,9.16
-1,5.25,9.94625
-1,5.5,10.765
-1,5.75,11.61625
-1,6,12.5
-1,6.25,13.41625
-1,6.5,14.365
-1,6.75,15.34625
-1,7,16.36
-1,7.25,17.40625
-1,7.5,18.485
-1,7.75,19.59625
-1,8,20.74
-1,8.25,21.91625
-1,8.5,23.125
-1,8.75,24.36625
-1,9,25.64
-1,9.25,26.94625
-1,9.5,28.285
-1,9.75,29.65625
-0.75,-9.75,21.3525
-0.75,-9.5,20.19125
-0.75,-9.25,19.0625
-0.75,-8.75,16.9025
-0.75,-8.5,15.87125
-0.75,-8.25,14.8725
-0.75,-8,13.90625
-0.75,-7.75,12.9725
-0.75,-7.25,11.2025
-0.75,-7,10.36625
-0.75,-6.75,9.5625
-0.75,-6.5,8.79125
-0.75,-6.25,8.0525
-0.75,-6,7.34625
-0.75,-5.75,6.6725
-0.75,-5.5,6.03125
-0.75,-5.25,5.4225
-0.75,-5,4.84625
-0.75,-4.75,4.3025
-0.75,-4.5,3.79125
-0.75,-4.25,3.3125
-0.75,-4,2.86625
-0.75,-3.75,2.4525
-0.75,-3.5,2.07125
-0.75,-3.25,1.7225
-0.75,-3,1.40625
-0.75,-2.75,1.1225
-0.75,-2.5,0.87125
-0.75,-2.25,0.6525
-0.75,-2,0.46625
-0.75,-1.75,0.3125
-0.75,-1.5,0.19125
-0.75,-0.75,0.0225
-0.75,-0.5,0.03125
-0.75,-0.25,0.0725
-0.75,0.25,0.2525
-0.75,0.5,0.39125
-0.75,0.75,0.5625
-0.75,1,0.76625
-0.75,1.25,1.0025
-0.75,1.5,1.27125
-0.75,2,1.90625
-0.75,2.25,2.2725
-0.75,2.5,2.67125
-0.75,2.75,3.1025
-0.75,3.25,4.0625
-0.75,3.5,4.59125
-0.75,3.75,5.1525
-0.75,4,5.74625
-0.75,4.25,6.3725
-0.75,4.5,7.03125
-0.75,4.75,7.7225
-0.75,5,8.44625
-0.75,5.25,9.2025
-0.75,5.75,10.8125
-0.75,6.25,12.5525
-0.75,6.5,13.47125
-0.75,6.75,14.4225
-0.75,7,15.40625
-0.75,7.25,16.4225
-0.75,7.5,17.47125
-0.75,8,19.66625
-0.75,8.25,20.8125
-0.75,8.5,21.99125
-0.75,8.75,23.2025
-0.75,9,24.44625
-0.75,9.25,25.7225
-0.75,9.5,27.03125
-0.75,9.75,28.3725
-0.5,-10,23.665
-0.5,-9.75,22.44125
-0.5,-9.5,21.25
-0.5,-9.25,20.09125
-0.5,-9,18.965
-0.5,-8.75,17.87125
-0.5,-8.5,16.81
-0.5,-8.25,15.78125
-0.5,-8,14.785
-0.5,-7.75,13.82125
-0.5,-7.5,12.89
-0.5,-7.25,11.99125
-0.5,-7,11.125
-0.5,-6.75,10.29125
-0.5,-6.5,9.49
-0.5,-6,7.985
-0.5,-5.75,7.28125
-0.5,-5.5,6.61
-0.5,-5.25,5.97125
-0.5,-5,5.365
-0.5,-4.5,4.25
-0.5,-4.25,3.74125
-0.5,-4,3.265
-0.5,-3.75,2.82125
-0.5,-3.5,2.41
-0.5,-3.25,2.03125
-0.5,-3,1.685
-0.5,-2.75,1.37125
-0.5,-2.5,1.09
-0.5,-2.25,0.84125
-0.5,-2,0.625
-0.5,-1.75,0.44125
-0.5,-1.5,0.29
-0.5,-1.25,0.17125
-0.5,-1,0.085
-0.5,-0.75,0.03125
-0.5,-0.25,0.02125
-0.5,0,0.065
-0.5,0.5,0.25
-0.5,0.75,0.39125
-0.5,1.5,1.01
-0.5,1.75,1.28125
-0.5,2,1.585
-0.5,2.25,1.92125
-0.5,2.5,2.29
-0.5,2.75,2.69125
-0.5,3,3.125
-0.5,3.25,3.59125
-0.5,3.5,4.09
-0.5,3.75,4.62125
-0.5,4,5.185
-0.5,4.5,6.41
-0.5,4.75,7.07125
-0.5,5,7.765
-0.5,5.25,8.49125
-0.5,5.5,9.25
-0.5,5.75,10.04125
-0.5,6,10.865
-0.5,6.25,11.72125
-0.5,6.5,12.61
-0.5,6.75,13.53125
-0.5,7.25,15.47125
-0.5,7.5,16.49
-0.5,7.75,17.54125
-0.5,8,18.625
-0.5,8.25,19.74125
-0.5,8.5,20.89
-0.5,8.75,22.07125
-0.5,9,23.285
-0.5,9.25,24.53125
-0.5,9.5,25.81
-0.5,9.75,27.12125
-0.25,-10,24.81625
-0.25,-9.75,23.5625
-0.25,-9.5,22.34125
-0.25,-9,19.99625
-0.25,-8.5,17.78125
-0.25,-8.25,16.7225
-0.25,-8,15.69625
-0.25,-7.75,14.7025
-0.25,-7.5,13.74125
-0.25,-7.25,12.8125
-0.25,-7,11.91625
-0.25,-6.75,11.0525
-0.25,-6.5,10.22125
-0.25,-6.25,9.4225
-0.25,-6,8.65625
-0.25,-5.75,7.9225
-0.25,-5.5,7.22125
-0.25,-5.25,6.5525
-0.25,-5,5.91625
-0.25,-4.75,5.3125
-0.25,-4.5,4.74125
-0.25,-4.25,4.2025
-0.25,-4,3.69625
-0.25,-3.75,3.2225
-0.25,-3.5,2.78125
-0.25,-3.25,2.3725
-0.25,-3,1.99625
-0.25,-2.75,1.6525
-0.25,-2.5,1.34125
-0.25,-2.25,1.0625
-0.25,-2,0.81625
-0.25,-1.75,0.6025
-0.25,-1.5,0.42125
-0.25,-1.25,0.2725
-0.25,-1,0.15625
-0.25,-0.75,0.0725
-0.25,-0.5,0.02125
-0.25,0,0.01625
-0.25,0.25,0.0625
-0.25,0.5,0.14125
-0.25,0.75,0.2525
-0.25,1,0.39625
-0.25,1.25,0.5725
-0.25,1.5,0.78125
-0.25,2,1.29625
-0.25,2.25,1.6025
-0.25,2.5,1.94125
-0.25,2.75,2.3125
-0.25,3,2.71625
-0.25,3.25,3.1525
-0.25,3.5,3.62125
-0.25,3.75,4.1225
-0.25,4,4.65625
-0.25,4.25,5.2225
-0.25,4.5,5.82125
-0.25,4.75,6.4525
-0.25,5,7.11625
-0.25,5.25,7.8125
-0.25,5.5,8.54125
-0.25,5.75,9.3025
-0.25,6.5,11.78125
-0.25,6.75,12.6725
-0.25,7,13.59625
-0.25,7.25,14.5525
-0.25,7.5,15.54125
-0.25,7.75,16.5625
-0.25,8,17.61625
-0.25,8.25,18.7025
-0.25,8.5,19.82125
-0.25,8.75,20.9725
-0.25,9,22.15625
-0.25,9.25,23.3725
-0.25,9.75,25.9025
0,-9.75,24.71625
0,-9.5,23.465
0,-9.25,22.24625
0,-9,21.06
0,-8.75,19.90625
0,-8.5,18.785
0,-8.25,17.69625
0,-8,16.64
0,-7.75,15.61625
0,-7.5,14.625
0,-7.25,13.66625
0,-7,12.74
0,-6.75,11.84625
0,-6.5,10.985
0,-6.25,10.15625
0,-6,9.36
0,-5.5,7.865
0,-5.25,7.16625
0,-5,6.5
0,-4.75,5.86625
0,-4.25,4.69625
0,-4,4.16
0,-3.5,3.185
0,-3.25,2.74625
0,-2.75,1.96625
0,-2.5,1.625
0,-2.25,1.31625
0,-2,1.04
0,-1.75,0.79625
0,-1.5,0.585
0,-1.25,0.40625
0,-1,0.26
0,-0.75,0.14625
0,-0.5,0.065
0,-0.25,0.01625
0,0,0
0,0.25,0.01625
0,0.5,0.065
0,0.75,0.14625
0,1,0.26
0,1.25,0.40625
0,1.5,0.585
0,1.75,0.79625
0,2,1.04
0,2.25,1.31625
0,2.5,1.625
0,2.75,1.96625
0,3,2.34
0,3.5,3.185
0,3.75,3.65625
0,4,4.16
0,4.25,4.69625
0,4.5,5.265
0,4.75,5.86625
0,5.5,7.865
0,5.75,8.59625
0,6,9.36
0,6.25,10.15625
0,6.5,10.985
0,7,12.74
0,7.25,13.66625
0,7.5,14.625
0,7.75,15.61625
0,8.25,17.69625
0,8.5,18.785
0,8.75,19.90625
0,9,21.06
0,9.25,22.24625
0,9.5,23.465
0,9.75,24.71625
0.25,-10,27.21625
0.25,-9.75,25.9025
0.25,-9.5,24.62125
0.25,-9.25,23.3725
0.25,-9,22.15625
0.25,-8.75,20.9725
0.25,-8.5,19.82125
0.25,-8.25,18.7025
0.25,-8,17.61625
0.25,-7.75,16.5625
0.25,-7.5,15.54125
0.25,-7,13.59625
0.25,-6.75,12.6725
0.25,-6.5,11.78125
0.25,-6.25,10.9225
0.25,-6,10.09625
0.25,-5.75,9.3025
0.25,-5.5,8.54125
0.25,-5.25,7.8125
0.25,-5,7.11625
0.25,-4.5,5.82125
0.25,-4.25,5.2225
0.25,-4,4.65625
0.25,-3.75,4.1225
0.25,-3.5,3.62125
0.25,-3.25,3.1525
0.25,-3,2.71625
0.25,-2.75,2.3125
0.25,-2.5,1.94125
0.25,-2.25,1.6025
0.25,-2,1.29625
0.25,-1.75,1.0225
0.25,-1.5,0.78125
0.25,-1.25,0.5725
0.25,-1,0.39625
0.25,-0.75,0.2525
0.25,-0.25,0.0625
0.25,0,0.01625
0.25,0.25,0.0025
0.25,0.5,0.02125
0.25,0.75,0.0725
0.25,1,0.15625
0.25,1.25,0.2725
0.25,1.5,0.42125
0.25,1.75,0.6025
0.25,2,0.81625
0.25,2.25,1.0625
0.25,2.5,1.34125
0.25,2.75,1.6525
0.25,3,1.99625
0.25,3.25,2.3725
0.25,3.75,3.2225
0.25,4,3.69625
0.25,4.25,4.2025
0.25,4.5,4.74125
0.25,4.75,5.3125
0.25,5.25,6.5525
0.25,5.5,7.22125
0.25,5.75,7.9225
0.25,6,8.65625
0.25,6.25,9.4225
0.25,6.5,10.22125
0.25,6.75,11.0525
0.25,7,11.91625
0.25,7.5,13.74125
0.25,7.75,14.7025
0.25,8,15.69625
0.25,8.25,16.7225
0.25,8.5,17.78125
0.25,9,19.99625
0.25,9.25,21.1525
0.25,9.5,22.34125
0.25,9.75,23.5625
0.5,-10,28.465
0.5,-9.75,27.12125
0.5,-9.5,25.81
0.5,-9,23.285
0.5,-8.75,22.07125
0.5,-8.5,20.89
0.5,-8.25,19.74125
0.5,-8,18.625
0.5,-7.75,17.54125
0.5,-7.5,16.49
0.5,-7.25,15.47125
0.5,-7,14.485
0.5,-6.75,13.53125
0.5,-6.5,12.61
0.5,-6.25,11.72125
0.5,-6,10.865
0.5,-5.75,10.04125
0.5,-5.5,9.25
0.5,-5.25,8.49125
0.5,-5,7.765
0.5,-4.75,7.07125
0.5,-4.5,6.41
0.5,-4.25,5.78125
0.5,-3.75,4.62125
0.5,-3.5,4.09
0.5,-3.25,3.59125
0.5,-3,3.125
0.5,-2.75,2.69125
0.5,-2.5,2.29
0.5,-2.25,1.92125
0.5,-2,1.585
0.5,-1.75,1.28125
0.5,-1.5,1.01
0.5,-0.75,0.39125
0.5,-0.5,0.25
0.5,-0.25,0.14125
0.5,0,0.065
0.5,0.25,0.02125
0.5,0.75,0.03125
0.5,1,0.085
0.5,1.75,0.44125
0.5,2,0.625
0.5,2.25,0.84125
0.5,2.5,1.09
0.5,2.75,1.37125
0.5,3,1.685
0.5,3.25,2.03125
0.5,3.5,2.41
0.5,3.75,2.82125
0.5,4,3.265
0.5,4.25,3.74125
0.5,4.5,4.25
0.5,4.75,4.79125
0.5,5,5.365
0.5,5.25,5.97125
0.5,5.5,6.61
0.5,5.75,7.28125
0.5,6,7.985
0.5,6.25,8.72125
0.5,6.5,9.49
0.5,6.75,10.29125
0.5,7,11.125
0.5,7.25,11.99125
0.5,7.5,12.89
0.5,7.75,13.82125
0.5,8,14.785
0.5,8.25,15.78125
0.5,8.5,16.81
0.5,8.75,17.87125
0.5,9,18.965
0.5,9.25,20.09125
0.5,9.5,21.25
0.5,9.75,22.44125
0.75,-10,29.74625
0.75,-9.75,28.3725
0.75,-9.5,27.03125
0.75,-9.25,25.7225
0.75,-8.75,23.2025
0.75,-8.5,21.99125
0.75,-8.25,20.8125
0.75,-8,19.66625
0.75,-7.5,17.47125
0.75,-7.25,16.4225
0.75,-7,15.40625
0.75,-6.75,14.4225
0.75,-6.5,13.47125
0.75,-6.25,12.5525
0.75,-6,11.66625
0.75,-5.75,10.8125
0.75,-5.5,9.99125
0.75,-5.25,9.2025
0.75,-5,8.44625
0.75,-4.75,7.7225
0.75,-4.5,7.03125
0.75,-4.25,6.3725
0.75,-4,5.74625
0.75,-3.5,4.59125
0.75,-3.25,4.0625
0.75,-3,3.56625
0.75,-2.75,3.1025
0.75,-2.5,2.67125
0.75,-2.25,2.2725
0.75,-2,1.90625
0.75,-1.75,1.5725
0.75,-1.5,1.27125
0.75,-1.25,1.0025
0.75,-1,0.76625
0.75,-0.75,0.5625
0.75,-0.5,0.39125
0.75,0,0.14625
0.75,0.25,0.0725
0.75,0.5,0.03125
0.75,0.75,0.0225
0.75,1,0.04625
0.75,1.25,0.1025
0.75,1.75,0.3125
0.75,2,0.46625
0.75,2.25,0.6525
0.75,2.5,0.87125
0.75,2.75,1.1225
0.75,3,1.40625
0.75,3.5,2.07125
0.75,3.75,2.4525
0.75,4,2.86625
0.75,4.25,3.3125
0.75,4.5,3.79125
0.75,4.75,4.3025
0.75,5,4.84625
0.75,5.25,5.4225
0.75,5.5,6.03125
0.75,5.75,6.6725
0.75,6,7.34625
0.75,6.25,8.0525
0.75,6.5,8.79125
0.75,6.75,9.5625
0.75,7,10.36625
0.75,7.25,11.2025
0.75,7.5,12.07125
0.75,7.75,12.9725
0.75,8,13.90625
0.75,8.25,14.8725
0.75,8.75,16.9025
0.75,9,17.96625
0.75,9.25,19.0625
0.75,9.5,20.19125
0.75,9.75,21.3525
1,-10,31.06
1,-9.75,29.65625
1,-9.5,28.285
1,-9.25,26.94625
1,-9,25.64
1,-8.75,24.36625
1,-8.25,21.91625
1,-8,20.74
1,-7.75,19.59625
1,-7.5,18.485
1,-7.25,17.40625
1,-7,16.36
1,-6.75,15.34625
1,-6.5,14.365
1,-6.25,13.41625
1,-6,12.5
1,-5.75,11.61625
1,-5.5,10.765
1,-5.25,9.94625
1,-4.75,8.40625
1,-4.5,7.685
1,-4.25,6.99625
1,-4,6.34
1,-3.25,4.56625
1,-3,4.04
1,-2.75,3.54625
1,-2.5,3.085
1,-2.25,2.65625
1,-2,2.26
1,-1.75,1.89625
1,-1,1
1,-0.5,0.565
1,-0.25,0.39625
1,0,0.26
1,0.25,0.15625
1,0.5,0.085
1,0.75,0.04625
1,1,0.04
1,1.25,0.06625
1,1.5,0.125
1,1.75,0.21625
1,2,0.34
1,2.25,0.49625
1,2.5,0.685
1,2.75,0.90625
1,3,1.16
1,3.25,1.44625
1,3.5,1.765
1,4,2.5
1,4.5,3.365
1,4.75,3.84625
1,5,4.36
1,5.25,4.90625
1,5.5,5.485
1,5.75,6.09625
1,6,6.74
1,6.25,7.41625
1,6.75,8.86625
1,7.25,10.44625
1,7.5,11.285
1,7.75,12.15625
1,8.25,13.99625
1,8.5,14.965
1,8.75,15.96625
1,9.25,18.06625
1,9.5,19.165
1,9.75,20.29625
1.25,-10,32.40625
1.25,-9.75,30.9725
1.25,-9.25,28.2025
1.25,-9,26.86625
1.25,-8.75,25.5625
1.25,-8.5,24.29125
1.25,-8.25,23.0525
1.25,-8,21.84625
1.25,-7.75,20.6725
1.25,-7.5,19.53125
1.25,-6.75,16.3025
1.25,-6.5,15.29125
1.25,-6.25,14.3125
1.25,-6,13.36625
1.25,-5.75,12.4525
1.25,-5.5,11.57125
1.25,-5.25,10.7225
1.25,-5,9.90625
1.25,-4.75,9.1225
1.25,-4.5,8.37125
1.25,-4.25,7.6525
1.25,-4,6.96625
1.25,-3.75,6.3125
1.25,-3.5,5.69125
1.25,-3.25,5.1025
1.25,-3,4.54625
1.25,-2.75,4.0225
1.25,-2.5,3.53125
1.25,-2.25,3.0725
1.25,-2,2.64625
1.25,-1.75,2.2525
1.25,-1.5,1.89125
1.25,-1.25,1.5625
1.25,-1,1.26625
1.25,-0.75,1.0025
1.25,-0.5,0.77125
1.25,-0.25,0.5725
1.25,0,0.40625
1.25,0.25,0.2725
1.25,0.5,0.17125
1.25,0.75,0.1025
1.25,1,0.06625
1.25,1.25,0.0625
1.25,1.75,0.1525
1.25,2,0.24625
1.25,2.25,0.3725
1.25,2.5,0.53125
1.25,2.75,0.7225
1.25,3,0.94625
1.25,3.25,1.2025
1.25,3.5,1.49125
1.25,3.75,1.8125
1.25,4,2.16625
1.25,4.25,2.5525
1.25,4.5,2.97125
1.25,4.75,3.4225
1.25,5,3.90625
1.25,5.25,4.4225
1.25,5.5,4.97125
1.25,5.75,5.5525
1.25,6,6.16625
1.25,6.25,6.8125
1.25,6.5,7.49125
1.25,6.75,8.2025
1.25,7,8.94625
1.25,7.25,9.7225
1.25,7.5,10.53125
1.25,7.75,11.3725
1.25,8,12.24625
1.25,8.25,13.1525
1.25,8.5,14.09125
1.25,8.75,15.0625
1.25,9,16.06625
1.25,9.25,17.1025
1.25,9.5,18.17125
1.25,9.75,19.2725
1.5,-10,33.785
1.5,-9.75,32.32125
1.5,-9.5,30.89
1.5,-9.25,29.49125
1.5,-9,28.125
1.5,-8.75,26.79125
1.5,-8.5,25.49
1.5,-8.25,24.22125
1.5,-8,22.985
1.5,-7.75,21.78125
1.5,-7.5,20.61
1.5,-7.25,19.47125
1.5,-6.5,16.25
1.5,-6,14.265
1.5,-5.25,11.53125
1.5,-5,10.685
1.5,-4.75,9.87125
1.5,-4.5,9.09
1.5,-4.25,8.34125
1.5,-4,7.625
1.5,-3.75,6.94125
1.5,-3.5,6.29
1.5,-3.25,5.67125
1.5,-3,5.085
1.5,-2.75,4.53125
1.5,-2.5,4.01
1.5,-2.25,3.52125
1.5,-2,3.065
1.5,-1.75,2.64125
1.5,-1.5,2.25
1.5,-1.25,1.89125
1.5,-1,1.565
1.5,-0.75,1.27125
1.5,-0.5,1.01
1.5,-0.25,0.78125
1.5,0,0.585
1.5,0.25,0.42125
1.5,0.5,0.29
1.5,0.75,0.19125
1.5,1,0.125
1.5,1.25,0.09125
1.5,1.5,0.09
1.5,1.75,0.12125
1.5,2,0.185
1.5,2.25,0.28125
1.5,2.5,0.41
1.5,2.75,0.57125
1.5,3,0.765
1.5,3.5,1.25
1.5,3.75,1.54125
1.5,4,1.865
1.5,4.25,2.22125
1.5,4.5,2.61
1.5,4.75,3.03125
1.5,5,3.485
1.5,5.25,3.97125
1.5,5.5,4.49
1.5,6,5.625
1.5,6.25,6.24125
1.5,6.5,6.89
1.5,6.75,7.57125
1.5,7,8.285
1.5,7.25,9.03125
1.5,7.5,9.81
1.5,7.75,10.62125
1.5,8,11.465
1.5,8.25,12.34125
1.5,8.5,13.25
1.5,8.75,14.19125
1.5,9,15.165
1.5,9.25,16.17125
1.5,9.5,17.21
1.5,9.75,18.28125
1.75,-10,35.19625
1.75,-9.75,33.7025
1.75,-9.5,32.24125
1.75,-9.25,30.8125
1.75,-9,29.41625
1.75,-8.75,28.0525
1.75,-8.5,26.72125
1.75,-8.25,25.4225
1.75,-8,24.15625
1.75,-7.75,22.9225
1.75,-7.5,21.72125
1.75,-7.25,20.5525
1.75,-7,19.41625
1.75,-6.75,18.3125
1.75,-6.5,17.24125
1.75,-6.25,16.2025
1.75,-6,15.19625
1.75,-5.75,14.2225
1.75,-5.25,12.3725
1.75,-4.75,10.6525
1.75,-4.5,9.84125
1.75,-4.25,9.0625
1.75,-3.75,7.6025
1.75,-3.5,6.92125
1.75,-3.25,6.2725
1.75,-2.5,4.52125
1.75,-2.25,4.0025
1.75,-2,3.51625
1.75,-1.75,3.0625
1.75,-1.5,2.64125
1.75,-1.25,2.2525
1.75,-1,1.89625
1.75,-0.75,1.5725
1.75,-0.5,1.28125
1.75,-0.25,1.0225
1.75,0,0.79625
1.75,0.25,0.6025
1.75,0.5,0.44125
1.75,0.75,0.3125
1.75,1,0.21625
1.75,1.25,0.1525
1.75,1.5,0.12125
1.75,2.75,0.4525
1.75,3,0.61625
1.75,3.25,0.8125
1.75,3.5,1.04125
1.75,3.75,1.3025
1.75,4,1.59625
1.75,4.25,1.9225
1.75,4.5,2.28125
1.75,4.75,2.6725
1.75,5,3.09625
1.75,5.25,3.5525
1.75,5.5,4.04125
1.75,5.75,4.5625
1.75,6,5.11625
1.75,6.5,6.32125
1.75,7,7.65625
1.75,7.25,8.3725
1.75,7.5,9.12125
1.75,7.75,9.9025
1.75,8.25,11.5625
1.75,8.75,13.3525
1.75,9,14.29625
1.75,9.25,15.2725
1.75,9.5,16.28125
1.75,9.75,17.3225
2,-9.5,33.625
2,-9.25,32.16625
2,-9,30.74
2,-8.75,29.34625
2,-8.5,27.985
2,-8.25,26.65625
2,-8,25.36
2,-7.75,24.09625
2,-7.5,22.865
2,-7.25,21.66625
2,-6.75,19.36625
2,-6.5,18.265
2,-6,16.16
2,-5.75,15.15625
2,-5.5,14.185
2,-5.25,13.24625
2,-5,12.34
2,-4.75,11.46625
2,-4.5,10.625
2,-4.25,9.81625
2,-4,9.04
2,-3.75,8.29625
2,-3.5,7.585
2,-3.25,6.90625
2,-3,6.26
2,-2.75,5.64625
2,-2.5,5.065
2,-2.25,4.51625
2,-2,4
2,-1.75,3.51625
2,-1.5,3.065
2,-1.25,2.64625
2,-1,2.26
2,-0.75,1.90625
2,-0.5,1.585
2,-0.25,1.29625
2,0,1.04
2,0.25,0.81625
2,0.5,0.625
2,0.75,0.46625
2,1,0.34
2,1.25,0.24625
2,1.5,0.185
2,1.75,0.15625
2,2,0.16
2,2.25,0.19625
2,2.5,0.265
2,2.75,0.36625
2,3.25,0.66625
2,3.5,0.865
2,3.75,1.09625
2,4,1.36
2,4.25,1.65625
2,4.75,2.34625
2,5.25,3.16625
2,5.5,3.625
2,5.75,4.11625
2,6,4.64
2,6.25,5.19625
2,6.75,6.40625
2,7,7.06
2,7.25,7.74625
2,7.5,8.465
2,7.75,9.21625
2,8,10
2,8.25,10.81625
2,8.5,11.665
2,8.75,12.54625
2,9,13.46
2,9.25,14.40625
2,9.5,15.385
2,9.75,16.39625
2.25,-9.75,36.5625
2.25,-9.5,35.04125
2.25,-9.25,33.5525
2.25,-9,32.09625
2.25,-8.75,30.6725
2.25,-8.25,27.9225
2.25,-7.75,25.3025
2.25,-7.25,22.8125
2.25,-7,21.61625
2.25,-6.5,19.32125
2.25,-6.25,18.2225
2.25,-6,17.15625
2.25,-5.25,14.1525
2.25,-5,13.21625
2.25,-4.75,12.3125
2.25,-4.5,11.44125
2.25,-4.25,10.6025
2.25,-4,9.79625
2.25,-3.5,8.28125
2.25,-3.25,7.5725
2.25,-3,6.89625
2.25,-2.5,5.64125
2.25,-2.25,5.0625
2.25,-2,4.51625
2.25,-1.75,4.0025
2.25,-1.5,3.52125
2.25,-1,2.65625
2.25,-0.75,2.2725
2.25,-0.5,1.92125
2.25,-0.25,1.6025
2.25,0,1.31625
2.25,0.25,1.0625
2.25,0.5,0.84125
2.25,0.75,0.6525
2.25,1,0.49625
2.25,1.25,0.3725
2.25,1.5,0.28125
2.25,1.75,0.2225
2.25,2,0.19625
2.25,2.25,0.2025
2.25,2.5,0.24125
2.25,2.75,0.3125
2.25,3,0.41625
2.25,3.25,0.5525
2.25,3.5,0.72125
2.25,3.75,0.9225
2.25,4,1.15625
2.25,4.25,1.4225
2.25,4.5,1.72125
2.25,4.75,2.0525
2.25,5,2.41625
2.25,5.25,2.8125
2.25,5.5,3.24125
2.25,5.75,3.7025
2.25,6,4.19625
2.25,6.25,4.7225
2.25,6.5,5.28125
2.25,7,6.49625
2.25,7.25,7.1525
2.25,7.5,7.84125
2.25,8,9.31625
2.25,8.25,10.1025
2.25,9,12.65625
2.25,9.25,13.5725
2.25,9.5,14.52125
2.25,9.75,15.5025
2.5,-10,39.625
2.5,-9.75,38.04125
2.5,-9.5,36.49
2.5,-9.25,34.97125
2.5,-9,33.485
2.5,-8.5,30.61
2.5,-8.25,29.22125
2.5,-8,27.865
2.5,-7.75,26.54125
2.5,-7.5,25.25
2.5,-7.25,23.99125
2.5,-7,22.765
2.5,-6.75,21.57125
2.5,-6.5,20.41
2.5,-6,18.185
2.5,-5.75,17.12125
2.5,-5.5,16.09
2.5,-5.25,15.09125
2.5,-5,14.125
2.5,-4.5,12.29
2.5,-4.25,11.42125
2.5,-4,10.585
2.5,-3.75,9.78125
2.5,-3.5,9.01
2.5,-3.25,8.27125
2.5,-2.75,6.89125
2.5,-2.5,6.25
2.5,-2.25,5.64125
2.5,-2,5.065
2.5,-1.75,4.52125
2.5,-1.5,4.01
2.5,-1.25,3.53125
2.5,-1,3.085
2.5,-0.75,2.67125
2.5,-0.5,2.29
2.5,-0.25,1.94125
2.5,0,1.625
2.5,0.25,1.34125
2.5,0.5,1.09
2.5,0.75,0.87125
2.5,1,0.685
2.5,1.25,0.53125
2.5,1.5,0.41
2.5,2,0.265
2.5,2.25,0.24125
2.5,2.5,0.25
2.5,2.75,0.29125
2.5,3,0.365
2.5,3.5,0.61
2.5,3.75,0.78125
2.5,4,0.985
2.5,4.25,1.22125
2.5,4.5,1.49
2.5,4.75,1.79125
2.5,5,2.125
2.5,5.25,2.49125
2.5,5.5,2.89
2.5,5.75,3.32125
2.5,6,3.785
2.5,6.25,4.28125
2.5,6.5,4.81
2.5,7,5.965
2.5,7.25,6.59125
2.5,7.5,7.25
2.5,7.75,7.94125
2.5,8,8.665
2.5,8.25,9.42125
2.5,8.5,10.21
2.5,8.75,11.03125
2.5,9,11.885
2.5,9.25,12.77125
2.5,9.5,13.69
2.5,9.75,14.64125
2.75,-10,41.16625
2.75,-9.75,39.5525
2.75,-9.5,37.97125
2.75,-9.25,36.4225
2.75,-9,34.90625
2.75,-8.75,33.4225
2.75,-8.5,31.97125
2.75,-8.25,30.5525
2.75,-7.75,27.8125
2.75,-7.5,26.49125
2.75,-7.25,25.2025
2.75,-7,23.94625
2.75,-6.75,22.7225
2.75,-6.5,21.53125
2.75,-6.25,20.3725
2.75,-6,19.24625
2.75,-5.75,18.1525
2.75,-5.5,17.09125
2.75,-5.25,16.0625
2.75,-4.75,14.1025
2.75,-4.25,12.2725
2.75,-4,11.40625
2.75,-3.75,10.5725
2.75,-3.5,9.77125
2.75,-3.25,9.0025
2.75,-3,8.26625
2.75,-2.75,7.5625
2.75,-2.5,6.89125
2.75,-2.25,6.2525
2.75,-2,5.64625
2.75,-1.5,4.53125
2.75,-1.25,4.0225
2.75,-1,3.54625
2.75,-0.75,3.1025
2.75,-0.25,2.3125
2.75,0,1.96625
2.75,0.25,1.6525
2.75,0.5,1.37125
2.75,0.75,1.1225
2.75,1,0.90625
2.75,1.25,0.7225
2.75,1.5,0.57125
2.75,1.75,0.4525
2.75,2,0.36625
2.75,2.5,0.29125
2.75,2.75,0.3025
2.75,3,0.34625
2.75,3.25,0.4225
2.75,3.5,0.53125
2.75,3.75,0.6725
2.75,4.25,1.0525
2.75,4.75,1.5625
2.75,5,1.86625
2.75,5.5,2.57125
2.75,5.75,2.9725
2.75,6,3.40625
2.75,6.25,3.8725
2.75,6.5,4.37125
2.75,6.75,4.9025
2.75,7,5.46625
2.75,7.25,6.0625
2.75,7.75,7.3525
2.75,8,8.04625
2.75,8.25,8.7725
2.75,8.5,9.53125
2.75,8.75,10.3225
2.75,9,11.14625
2.75,9.25,12.0025
2.75,9.5,12.89125
2.75,9.75,13.8125
3,-10,42.74
3,-9.75,41.09625
3,-9.5,39.485
3,-9.25,37.90625
3,-9,36.36
3,-8.75,34.84625
3,-8.5,33.365
3,-8.25,31.91625
3,-8,30.5
3,-7.75,29.11625
3,-7.5,27.765
3,-7.25,26.44625
3,-7,25.16
3,-6.75,23.90625
3,-6.5,22.685
3,-6,20.34
3,-5.75,19.21625
3,-5.5,18.125
3,-5.25,17.06625
3,-5,16.04
3,-4.75,15.04625
3,-4.5,14.085
3,-4.25,13.15625
3,-4,12.26
3,-3.25,9.76625
3,-3,9
3,-2.5,7.565
3,-2.25,6.89625
3,-2,6.26
3,-1.75,5.65625
3,-1.5,5.085
3,-1.25,4.54625
3,-1,4.04
3,-0.75,3.56625
3,-0.5,3.125
3,0,2.34
3,0.25,1.99625
3,0.75,1.40625
3,1.25,0.94625
3,1.75,0.61625
3,2,0.5
3,2.25,0.41625
3,2.5,0.365
3,2.75,0.34625
3,3,0.36
3,3.25,0.40625
3,3.5,0.485
3,3.75,0.59625
3,4,0.74
3,4.25,0.91625
3,4.75,1.36625
3,5,1.64
3,5.25,1.94625
3,5.5,2.285
3,5.75,2.65625
3,6,3.06
3,6.25,3.49625
3,6.5,3.965
3,6.75,4.46625
3,7,5
3,7.25,5.56625
3,7.5,6.165
3,7.75,6.79625
3,8,7.46
3,8.25,8.15625
3,8.5,8.885
3,8.75,9.64625
3,9,10.44
3,9.25,11.26625
3,9.5,12.125
3,9.75,13.01625
3.25,-10,44.34625
3.25,-9.5,41.03125
3.25,-9.25,39.4225
3.25,-9,37.84625
3.25,-8.5,34.79125
3.25,-8.25,33.3125
3.25,-8,31.86625
3.25,-7.75,30.4525
3.25,-7.5,29.07125
3.25,-7.25,27.7225
3.25,-7,26.40625
3.25,-6.75,25.1225
3.25,-6.5,23.87125
3.25,-6.25,22.6525
3.25,-5.75,20.3125
3.25,-5.5,19.19125
3.25,-5.25,18.1025
3.25,-5,17.04625
3.25,-4.75,16.0225
3.25,-4.5,15.03125
3.25,-4.25,14.0725
3.25,-4,13.14625
3.25,-3.75,12.2525
3.25,-3.5,11.39125
3.25,-3.25,10.5625
3.25,-3,9.76625
3.25,-2.75,9.0025
3.25,-2.5,8.27125
3.25,-2.25,7.5725
3.25,-2,6.90625
3.25,-1.75,6.2725
3.25,-1.5,5.67125
3.25,-1.25,5.1025
3.25,-1,4.56625
3.25,-0.75,4.0625
3.25,-0.5,3.59125
3.25,-0.25,3.1525
3.25,0,2.74625
3.25,0.25,2.3725
3.25,0.5,2.03125
3.25,0.75,1.7225
3.25,1,1.44625
3.25,1.25,1.2025
3.25,1.5,0.99125
3.25,1.75,0.8125
3.25,2.75,0.4225
3.25,3,0.40625
3.25,3.25,0.4225
3.25,3.5,0.47125
3.25,4,0.66625
3.25,4.5,0.99125
3.25,4.75,1.2025
3.25,5,1.44625
3.25,5.25,1.7225
3.25,5.75,2.3725
3.25,6,2.74625
3.25,6.25,3.1525
3.25,6.5,3.59125
3.25,6.75,4.0625
3.25,7.5,5.67125
3.25,7.75,6.2725
3.25,8,6.90625
3.25,8.25,7.5725
3.25,8.5,8.27125
3.25,8.75,9.0025
3.25,9,9.76625
3.25,9.25,10.5625
3.25,9.5,11.39125
3.25,9.75,12.2525
3.5,-10,45.985
3.5,-9.75,44.28125
3.5,-9.5,42.61
3.5,-9.25,40.97125
3.5,-9,39.365
3.5,-8.75,37.79125
3.5,-8.5,36.25
3.5,-8.25,34.74125
3.5,-8,33.265
3.5,-7.75,31.82125
3.5,-7.5,30.41
3.5,-7,27.685
3.5,-6.75,26.37125
3.5,-6.5,25.09
3.5,-6,22.625
3.5,-5.75,21.44125
3.5,-5.5,20.29
3.5,-5.25,19.17125
3.5,-5,18.085
3.5,-4.75,17.03125
3.5,-4.5,16.01
3.5,-4.25,15.02125
3.5,-4,14.065
3.5,-3.75,13.14125
3.5,-3.5,12.25
3.5,-3.25,11.39125
3.5,-3,10.565
3.5,-2.75,9.77125
3.5,-2.25,8.28125
3.5,-2,7.585
3.5,-1.75,6.92125
3.5,-1.25,5.69125
3.5,-1,5.125
3.5,-0.75,4.59125
3.5,-0.5,4.09
3.5,-0.25,3.62125
3.5,0.75,2.07125
3.5,1,1.765
3.5,1.25,1.49125
3.5,1.5,1.25
3.5,1.75,1.04125
3.5,2,0.865
3.5,2.5,0.61
3.5,2.75,0.53125
3.5,3,0.485
3.5,3.25,0.47125
3.5,3.5,0.49
3.5,3.75,0.54125
3.5,4,0.625
3.5,4.25,0.74125
3.5,4.5,0.89
3.5,4.75,1.07125
3.5,5,1.285
3.5,5.25,1.53125
3.5,5.5,1.81
3.5,5.75,2.12125
3.5,6,2.465
3.5,6.25,2.84125
3.5,6.5,3.25
3.5,6.75,3.69125
3.5,7.25,4.67125
3.5,7.5,5.21
3.5,8,6.385
3.5,8.25,7.02125
3.5,8.5,7.69
3.5,8.75,8.39125
3.5,9,9.125
3.5,9.25,9.89125
3.5,9.5,10.69
3.5,9.75,11.52125
3.75,-9.75,45.9225
3.75,-9.5,44.22125
3.75,-9.25,42.5525
3.75,-9,40.91625
3.75,-8.75,39.3125
3.75,-8.5,37.74125
3.75,-8.25,36.2025
3.75,-8,34.69625
3.75,-7.75,33.2225
3.75,-7,28.99625
3.75,-6.75,27.6525
3.75,-6.5,26.34125
3.75,-6.25,25.0625
3.75,-6,23.81625
3.75,-5.75,22.6025
3.75,-5.5,21.42125
3.75,-5.25,20.2725
3.75,-5,19.15625
3.75,-4.75,18.0725
3.75,-4.5,17.02125
3.75,-3.75,14.0625
3.75,-3.5,13.14125
3.75,-3.25,12.2525
3.75,-3,11.39625
3.75,-2.75,10.5725
3.75,-2.5,9.78125
3.75,-2.25,9.0225
3.75,-2,8.29625
3.75,-1.75,7.6025
3.75,-1.5,6.94125
3.75,-1,5.71625
3.75,-0.75,5.1525
3.75,-0.5,4.62125
3.75,-0.25,4.1225
3.75,0,3.65625
3.75,0.25,3.2225
3.75,0.5,2.82125
3.75,0.75,2.4525
3.75,1,2.11625
3.75,1.5,1.54125
3.75,2,1.09625
3.75,2.25,0.9225
3.75,2.5,0.78125
3.75,2.75,0.6725
3.75,3,0.59625
3.75,3.75,0.5625
3.75,4,0.61625
3.75,4.25,0.7025
3.75,4.5,0.82125
3.75,4.75,0.9725
3.75,5,1.15625
3.75,5.25,1.3725
3.75,5.5,1.62125
3.75,5.75,1.9025
3.75,6,2.21625
3.75,6.25,2.5625
3.75,6.5,2.94125
3.75,6.75,3.3525
3.75,7,3.79625
3.75,7.25,4.2725
3.75,7.5,4.78125
3.75,8,5.89625
3.75,8.25,6.5025
3.75,8.5,7.14125
3.75,8.75,7.8125
3.75,9,8.51625
3.75,9.5,10.02125
3.75,9.75,10.8225
4,-10,49.36
4,-9.75,47.59625
4,-9.5,45.865
4,-9.25,44.16625
4,-9,42.5
4,-8.75,40.86625
4,-8.5,39.265
4,-8.25,37.69625
4,-8,36.16
4,-7.75,34.65625
4,-7.5,33.185
4,-7.25,31.74625
4,-7,30.34
4,-6.5,27.625
4,-6.25,26.31625
4,-6,25.04
4,-5.75,23.79625
4,-5.5,22.585
4,-5.25,21.40625
4,-5,20.26
4,-4.75,19.14625
4,-4.5,18.065
4,-4.25,17.01625
4,-3.75,15.01625
4,-3.5,14.065
4,-3.25,13.14625
4,-3,12.26
4,-2.75,11.40625
4,-2.5,10.585
4,-2.25,9.79625
4,-2,9.04
4,-1.75,8.31625
4,-1.5,7.625
4,-1.25,6.96625
4,-1,6.34
4,-0.5,5.185
4,-0.25,4.65625
4,0,4.16
4,0.25,3.69625
4,0.5,3.265
4,0.75,2.86625
4,1,2.5
4,1.25,2.16625
4,1.5,1.865
4,1.75,1.59625
4,2.25,1.15625
4,2.5,0.985
4,2.75,0.84625
4,3,0.74
4,3.25,0.66625
4,3.5,0.625
4,3.75,0.61625
4,4,0.64
4,4.25,0.69625
4,4.5,0.785
4,4.75,0.90625
4,5,1.06
4,5.25,1.24625
4,5.5,1.465
4,5.75,1.71625
4,6,2
4,6.25,2.31625
4,6.5,2.665
4,6.75,3.04625
4,7,3.46
4,7.25,3.90625
4,7.5,4.385
4,7.75,4.89625
4,8.25,6.01625
4,8.5,6.625
4,8.75,7.26625
4,9,7.94
4,9.25,8.64625
4,9.5,9.385
4,9.75,10.15625
4.25,-10,51.09625
4.25,-9.75,49.3025
4.25,-9.5,47.54125
4.25,-9.25,45.8125
4.25,-8.75,42.4525
4.25,-8.5,40.82125
4.25,-8.25,39.2225
4.25,-8,37.65625
4.25,-7.75,36.1225
4.25,-7.5,34.62125
4.25,-7.25,33.1525
4.25,-7,31.71625
4.25,-6.75,30.3125
4.25,-6.25,27.6025
4.25,-6,26.29625
4.25,-5.75,25.0225
4.25,-5.5,23.78125
4.25,-5.25,22.5725
4.25,-5,21.39625
4.25,-4.75,20.2525
4.25,-4.5,19.14125
4.25,-4.25,18.0625
4.25,-4,17.01625
4.25,-3.5,15.02125
4.25,-3.25,14.0725
4.25,-3,13.15625
4.25,-2.75,12.2725
4.25,-2.5,11.42125
4.25,-2.25,10.6025
4.25,-2,9.81625
4.25,-1.75,9.0625
4.25,-1.5,8.34125
4.25,-1.25,7.6525
4.25,-1,6.99625
4.25,-0.5,5.78125
4.25,-0.25,5.2225
4.25,0,4.69625
4.25,0.25,4.2025
4.25,0.5,3.74125
4.25,0.75,3.3125
4.25,1,2.91625
4.25,1.25,2.5525
4.25,1.5,2.22125
4.25,1.75,1.9225
4.25,2,1.65625
4.25,2.25,1.4225
4.25,2.5,1.22125
4.25,2.75,1.0525
4.25,3,0.91625
4.25,3.25,0.8125
4.25,3.5,0.74125
4.25,4,0.69625
4.25,4.25,0.7225
4.25,4.5,0.78125
4.25,4.75,0.8725
4.25,5,0.99625
4.25,5.25,1.1525
4.25,5.5,1.34125
4.25,6,1.81625
4.25,6.25,2.1025
4.25,6.5,2.42125
4.25,6.75,2.7725
4.25,7,3.15625
4.25,7.5,4.02125
4.25,7.75,4.5025
4.25,8,5.01625
4.25,8.25,5.5625
4.25,8.5,6.14125
4.25,8.75,6.7525
4.25,9,7.39625
4.25,9.25,8.0725
4.25,9.5,8.78125
4.25,9.75,9.5225
4.5,-10,52.865
4.5,-9.75,51.04125
4.5,-9.5,49.25
4.5,-9.25,47.49125
4.5,-9,45.765
4.5,-8.75,44.07125
4.5,-8.5,42.41
4.5,-8.25,40.78125
4.5,-8,39.185
4.5,-7.75,37.62125
4.5,-7.5,36.09
4.5,-7.25,34.59125
4.5,-7,33.125
4.5,-6.75,31.69125
4.5,-6.5,30.29
4.5,-6.25,28.92125
4.5,-6,27.585
4.5,-5.5,25.01
4.5,-5.25,23.77125
4.5,-5,22.565
4.5,-4.75,21.39125
4.5,-4.5,20.25
4.5,-4.25,19.14125
4.5,-3.75,17.02125
4.5,-3,14.085
4.5,-2.75,13.17125
4.5,-2,10.625
4.5,-1.75,9.84125
4.5,-1.5,9.09
4.5,-1.25,8.37125
4.5,-1,7.685
4.5,-0.75,7.03125
4.5,-0.5,6.41
4.5,-0.25,5.82125
4.5,0,5.265
4.5,0.25,4.74125
4.5,0.5,4.25
4.5,0.75,3.79125
4.5,1,3.365
4.5,1.25,2.97125
4.5,1.5,2.61
4.5,1.75,2.28125
4.5,2,1.985
4.5,2.25,1.72125
4.5,2.5,1.49
4.5,2.75,1.29125
4.5,3,1.125
4.5,3.25,0.99125
4.5,3.5,0.89
4.5,3.75,0.82125
4.5,4.5,0.81
4.5,4.75,0.87125
4.5,5.5,1.25
4.5,5.75,1.44125
4.5,6,1.665
4.5,6.25,1.92125
4.5,6.5,2.21
4.5,6.75,2.53125
4.5,7,2.885
4.5,7.25,3.27125
4.5,7.5,3.69
4.5,7.75,4.14125
4.5,8,4.625
4.5,8.25,5.14125
4.5,8.5,5.69
4.5,8.75,6.27125
4.5,9,6.885
4.5,9.25,7.53125
4.5,9.5,8.21
4.5,9.75,8.92125
4.75,-10,54.66625
4.75,-9.5,50.99125
4.75,-9.25,49.2025
4.75,-9,47.44625
4.75,-8.75,45.7225
4.75,-8.5,44.03125
4.75,-8.25,42.3725
4.75,-7.75,39.1525
4.75,-7.5,37.59125
4.75,-7.25,36.0625
4.75,-6.75,33.1025
4.75,-6.5,31.67125
4.75,-6.25,30.2725
4.75,-6,28.90625
4.75,-5.75,27.5725
4.75,-5.5,26.27125
4.75,-5,23.76625
4.75,-4.75,22.5625
4.75,-4.5,21.39125
4.75,-4.25,20.2525
4.75,-3.75,18.0725
4.75,-3.5,17.03125
4.75,-3.25,16.0225
4.75,-3,15.04625
4.75,-2.75,14.1025
4.75,-2.5,13.19125
4.75,-2.25,12.3125
4.75,-2,11.46625
4.75,-1.75,10.6525
4.75,-1.5,9.87125
4.75,-1.25,9.1225
4.75,-1,8.40625
4.75,-0.75,7.7225
4.75,-0.5,7.07125
4.75,-0.25,6.4525
4.75,0,5.86625
4.75,0.25,5.3125
4.75,0.5,4.79125
4.75,1,3.84625
4.75,1.25,3.4225
4.75,1.5,3.03125
4.75,1.75,2.6725
4.75,2,2.34625
4.75,2.25,2.0525
4.75,2.5,1.79125
4.75,2.75,1.5625
4.75,3,1.36625
4.75,3.25,1.2025
4.75,3.5,1.07125
4.75,3.75,0.9725
4.75,4,0.90625
4.75,4.5,0.87125
4.75,4.75,0.9025
4.75,5,0.96625
4.75,5.5,1.19125
4.75,5.75,1.3525
4.75,6,1.54625
4.75,6.25,1.7725
4.75,6.5,2.03125
4.75,6.75,2.3225
4.75,7,2.64625
4.75,7.25,3.0025
4.75,7.5,3.39125
4.75,7.75,3.8125
4.75,8,4.26625
4.75,8.25,4.7525
4.75,8.5,5.27125
4.75,8.75,5.8225
4.75,9.25,7.0225
4.75,9.5,7.67125
4.75,9.75,8.3525
5,-9.75,54.61625
5,-9.5,52.765
5,-9.25,50.94625
5,-9,49.16
5,-8.75,47.40625
5,-8.5,45.685
5,-8.25,43.99625
5,-8,42.34
5,-7.75,40.71625
5,-7.5,39.125
5,-7.25,37.56625
5,-7,36.04
5,-6.75,34.54625
5,-6.5,33.085
5,-6,30.26
5,-5.75,28.89625
5,-5.5,27.565
5,-5.25,26.26625
5,-5,25
5,-4.75,23.76625
5,-4.5,22.565
5,-4.25,21.39625
5,-4,20.26
5,-3.5,18.085
5,-3.25,17.04625
5,-3,16.04
5,-2.75,15.06625
5,-2.5,14.125
5,-2.25,13.21625
5,-2,12.34
5,-1.75,11.49625
5,-1.5,10.685
5,-1.25,9.90625
5,-1,9.16
5,-0.75,8.44625
5,-0.5,7.765
5,-0.25,7.11625
5,0,6.5
5,0.25,5.91625
5,0.5,5.365
5,0.75,4.84625
5,1,4.36
5,1.25,3.90625
5,1.5,3.485
5,1.75,3.09625
5,2,2.74
5,2.25,2.41625
5,2.5,2.125
5,2.75,1.86625
5,3,1.64
5,3.25,1.44625
5,3.5,1.285
5,4,1.06
5,4.25,0.99625
5,4.5,0.965
5,4.75,0.96625
5,5,1
5,5.25,1.06625
5,5.5,1.165
5,5.75,1.29625
5,6,1.46
5,6.25,1.65625
5,6.5,1.885
5,6.75,2.14625
5,7,2.44
5,7.25,2.76625
5,7.5,3.125
5,7.75,3.51625
5,8,3.94
5,8.25,4.39625
5,8.5,4.885
5,9,5.96
5,9.25,6.54625
5,9.75,7.81625
5.25,-10,58.36625
5.25,-9.75,56.4525
5.25,-9.5,54.57125
5.25,-9.25,52.7225
5.25,-9,50.90625
5.25,-8.5,47.37125
5.25,-8,43.96625
5.25,-7.75,42.3125
5.25,-7.5,40.69125
5.25,-7.25,39.1025
5.25,-7,37.54625
5.25,-6.75,36.0225
5.25,-6.5,34.53125
5.25,-6.25,33.0725
5.25,-5.75,30.2525
5.25,-5.5,28.89125
5.25,-5.25,27.5625
5.25,-5,26.26625
5.25,-4.75,25.0025
5.25,-4.5,23.77125
5.25,-4,21.40625
5.25,-3.75,20.2725
5.25,-3.5,19.17125
5.25,-3.25,18.1025
5.25,-3,17.06625
5.25,-2.75,16.0625
5.25,-2.5,15.09125
5.25,-2.25,14.1525
5.25,-2,13.24625
5.25,-1.75,12.3725
5.25,-1.5,11.53125
5.25,-1.25,10.7225
5.25,-1,9.94625
5.25,-0.75,9.2025
5.25,-0.5,8.49125
5.25,-0.25,7.8125
5.25,0,7.16625
5.25,0.25,6.5525
5.25,0.5,5.97125
5.25,0.75,5.4225
5.25,1,4.90625
5.25,1.25,4.4225
5.25,1.5,3.97125
5.25,1.75,3.5525
5.25,2,3.16625
5.25,2.25,2.8125
5.25,2.5,2.49125
5.25,2.75,2.2025
5.25,3.25,1.7225
5.25,3.5,1.53125
5.25,3.75,1.3725
5.25,4.25,1.1525
5.25,4.5,1.09125
5.25,5,1.06625
5.25,5.25,1.1025
5.25,5.5,1.17125
5.25,6.25,1.5725
5.25,6.5,1.77125
5.25,7,2.26625
5.25,7.25,2.5625
5.25,7.5,2.89125
5.25,8,3.64625
5.25,8.25,4.0725
5.25,8.5,4.53125
5.25,8.75,5.0225
5.25,9,5.54625
5.25,9.25,6.1025
5.25,9.5,6.69125
5.25,9.75,7.3125
5.5,-9.75,58.32125
5.5,-9.5,56.41
5.5,-9.25,54.53125
5.5,-9,52.685
5.5,-8.75,50.87125
5.5,-8.5,49.09
5.5,-8.25,47.34125
5.5,-8,45.625
5.5,-7.75,43.94125
5.5,-7.5,42.29
5.5,-7.25,40.67125
5.5,-6.75,37.53125
5.5,-6.5,36.01
5.5,-6.25,34.52125
5.5,-6,33.065
5.5,-5.75,31.64125
5.5,-5.5,30.25
5.5,-5.25,28.89125
5.5,-5,27.565
5.5,-4.75,26.27125
5.5,-4.5,25.01
5.5,-4.25,23.78125
5.5,-4,22.585
5.5,-3.75,21.42125
5.5,-3.5,20.29
5.5,-3.25,19.19125
5.5,-3,18.125
5.5,-2.5,16.09
5.5,-2.25,15.12125
5.5,-1.75,13.28125
5.5,-1.5,12.41
5.5,-1.25,11.57125
5.5,-1,10.765
5.5,-0.75,9.99125
5.5,-0.5,9.25
5.5,-0.25,8.54125
5.5,0,7.865
5.5,0.5,6.61
5.5,0.75,6.03125
5.5,1,5.485
5.5,1.25,4.97125
5.5,1.5,4.49
5.5,1.75,4.04125
5.5,2,3.625
5.5,2.25,3.24125
5.5,2.5,2.89
5.5,2.75,2.57125
5.5,3,2.285
5.5,3.25,2.03125
5.5,3.75,1.62125
5.5,4,1.465
5.5,4.25,1.34125
5.5,4.5,1.25
5.5,4.75,1.19125
5.5,5.25,1.17125
5.5,5.5,1.21
5.5,5.75,1.28125
5.5,6,1.385
5.5,6.25,1.52125
5.5,6.5,1.69
5.5,6.75,1.89125
5.5,7,2.125
5.5,7.25,2.39125
5.5,7.5,2.69
5.5,7.75,3.02125
5.5,8,3.385
5.5,8.25,3.78125
5.5,8.75,4.67125
5.5,9,5.165
5.5,9.25,5.69125
5.5,9.75,6.84125
5.75,-10,62.19625
5.75,-9.75,60.2225
5.75,-9.25,56.3725
5.75,-9,54.49625
5.75,-8.75,52.6525
5.75,-8.5,50.84125
5.75,-8.25,49.0625
5.75,-8,47.31625
5.75,-7.25,42.2725
5.75,-7,40.65625
5.75,-6.75,39.0725
5.75,-6.5,37.52125
5.75,-6.25,36.0025
5.75,-5.75,33.0625
5.75,-5.5,31.64125
5.75,-5.25,30.2525
5.75,-5,28.89625
5.75,-4.75,27.5725
5.75,-4.5,26.28125
5.75,-4.25,25.0225
5.75,-4,23.79625
5.75,-3.75,22.6025
5.75,-3.5,21.44125
5.75,-3.25,20.3125
5.75,-3,19.21625
5.75,-2.75,18.1525
5.75,-2.25,16.1225
5.75,-2,15.15625
5.75,-1.75,14.2225
5.75,-1.5,13.32125
5.75,-1,11.61625
5.75,-0.5,10.04125
5.75,-0.25,9.3025
5.75,0,8.59625
5.75,0.25,7.9225
5.75,0.5,7.28125
5.75,0.75,6.6725
5.75,1.25,5.5525
5.75,1.5,5.04125
5.75,1.75,4.5625
5.75,2.25,3.7025
5.75,2.5,3.32125
5.75,3.25,2.3725
5.75,3.75,1.9025
5.75,4,1.71625
5.75,4.25,1.5625
5.75,4.5,1.44125
5.75,4.75,1.3525
5.75,5,1.29625
5.75,5.25,1.2725
5.75,5.5,1.28125
5.75,5.75,1.3225
5.75,6,1.39625
5.75,6.25,1.5025
5.75,6.5,1.64125
5.75,6.75,1.8125
5.75,7,2.01625
5.75,7.25,2.2525
5.75,7.5,2.52125
5.75,7.75,2.8225
5.75,8,3.15625
5.75,8.25,3.5225
5.75,8.5,3.92125
5.75,8.75,4.3525
5.75,9,4.81625
5.75,9.25,5.3125
5.75,9.5,5.84125
6,-10,64.16
6,-9.5,60.185
6,-9.25,58.24625
6,-9,56.34
6,-8.75,54.46625
6,-8.5,52.625
6,-8.25,50.81625
6,-8,49.04
6,-7.75,47.29625
6,-7.5,45.585
6,-7.25,43.90625
6,-7,42.26
6,-6.75,40.64625
6,-6.5,39.065
6,-6.25,37.51625
6,-6,36
6,-5.75,34.51625
6,-5.5,33.065
6,-5.25,31.64625
6,-5,30.26
6,-4.75,28.90625
6,-4.5,27.585
6,-4.25,26.29625
6,-4,25.04
6,-3.75,23.81625
6,-3.5,22.625
6,-3.25,21.46625
6,-2.5,18.185
6,-2.25,17.15625
6,-2,16.16
6,-1.75,15.19625
6,-1.5,14.265
6,-1,12.5
6,-0.75,11.66625
6,-0.5,10.865
6,-0.25,10.09625
6,0.25,8.65625
6,0.75,7.34625
6,1,6.74
6,1.25,6.16625
6,1.5,5.625
6,1.75,5.11625
6,2,4.64
6,2.25,4.19625
6,2.5,3.785
6,2.75,3.40625
6,3,3.06
6,3.25,2.74625
6,3.75,2.21625
6,4,2
6,4.25,1.81625
6,4.5,1.665
6,4.75,1.54625
6,5,1.46
6,5.25,1.40625
6,5.5,1.385
6,5.75,1.39625
6,6,1.44
6,6.25,1.51625
6,6.5,1.625
6,6.75,1.76625
6,7,1.94
6,7.25,2.14625
6,7.5,2.385
6,7.75,2.65625
6,8,2.96
6,8.75,4.06625
6,9,4.5
6,9.25,4.96625
6,9.75,5.99625
6.25,-10,66.15625
6.25,-9.5,62.12125
6.25,-8.75,56.3125
6.25,-8.5,54.44125
6.25,-8,50.79625
6.25,-7.75,49.0225
6.25,-7.5,47.28125
6.25,-7,43.89625
6.25,-6.5,40.64125
6.25,-6.25,39.0625
6.25,-5.75,36.0025
6.25,-5.5,34.52125
6.25,-5.25,33.0725
6.25,-5,31.65625
6.25,-4.75,30.2725
6.25,-4.5,28.92125
6.25,-4.25,27.6025
6.25,-4,26.31625
6.25,-3.5,23.84125
6.25,-3.25,22.6525
6.25,-3,21.49625
6.25,-2.5,19.28125
6.25,-2.25,18.2225
6.25,-2,17.19625
6.25,-1.75,16.2025
6.25,-1.5,15.24125
6.25,-1.25,14.3125
6.25,-1,13.41625
6.25,-0.5,11.72125
6.25,-0.25,10.9225
6.25,0,10.15625
6.25,0.25,9.4225
6.25,0.5,8.72125
6.25,1,7.41625
6.25,1.25,6.8125
6.25,1.5,6.24125
6.25,1.75,5.7025
6.25,2,5.19625
6.25,2.25,4.7225
6.25,2.5,4.28125
6.25,2.75,3.8725
6.25,3,3.49625
6.25,3.25,3.1525
6.25,3.75,2.5625
6.25,4,2.31625
6.25,4.25,2.1025
6.25,4.5,1.92125
6.25,5,1.65625
6.25,5.25,1.5725
6.25,5.75,1.5025
6.25,6,1.51625
6.25,6.25,1.5625
6.25,6.5,1.64125
6.25,6.75,1.7525
6.25,7,1.89625
6.25,7.25,2.0725
6.25,7.5,2.28125
6.25,7.75,2.5225
6.25,8.25,3.1025
6.25,8.5,3.44125
6.25,8.75,3.8125
6.25,9.25,4.6525
6.25,9.5,5.12125
6.25,9.75,5.6225
6.5,-10,68.185
6.5,-9.5,64.09
6.5,-9.25,62.09125
6.5,-8.75,58.19125
6.5,-8.5,56.29
6.5,-8.25,54.42125
6.5,-8,52.585
6.5,-7.75,50.78125
6.5,-7.25,47.27125
6.5,-7,45.565
6.5,-6.75,43.89125
6.5,-6.5,42.25
6.5,-6.25,40.64125
6.5,-6,39.065
6.5,-5.75,37.52125
6.5,-5.5,36.01
6.5,-5.25,34.53125
6.5,-5,33.085
6.5,-4.75,31.67125
6.5,-4.25,28.94125
6.5,-4,27.625
6.5,-3.75,26.34125
6.5,-3.5,25.09
6.5,-3,22.685
6.5,-2.75,21.53125
6.5,-2.5,20.41
6.5,-2.25,19.32125
6.5,-2,18.265
6.5,-1.75,17.24125
6.5,-1.5,16.25
6.5,-1.25,15.29125
6.5,-1,14.365
6.5,-0.75,13.47125
6.5,-0.5,12.61
6.5,-0.25,11.78125
6.5,0,10.985
6.5,0.25,10.22125
6.5,1,8.125
6.5,1.25,7.49125
6.5,1.5,6.89
6.5,1.75,6.32125
6.5,2.25,5.28125
6.5,2.5,4.81
6.5,2.75,4.37125
6.5,3,3.965
6.5,3.25,3.59125
6.5,3.5,3.25
6.5,4,2.665
6.5,4.25,2.42125
6.5,4.5,2.21
6.5,4.75,2.03125
6.5,5,1.885
6.5,5.25,1.77125
6.5,5.5,1.69
6.5,5.75,1.64125
6.5,6,1.625
6.5,6.25,1.64125
6.5,6.5,1.69
6.5,7,1.885
6.5,7.25,2.03125
6.5,7.5,2.21
6.5,7.75,2.42125
6.5,8,2.665
6.5,8.5,3.25
6.5,8.75,3.59125
6.5,9,3.965
6.5,9.25,4.37125
6.5,9.5,4.81
6.5,9.75,5.28125
6.75,-9.75,68.1525
6.75,-9.5,66.09125
6.75,-9,62.06625
6.75,-8.75,60.1025
6.75,-8.5,58.17125
6.75,-8.25,56.2725
6.75,-8,54.40625
6.75,-7.75,52.5725
6.75,-7.5,50.77125
6.75,-7.25,49.0025
6.75,-6.75,45.5625
6.75,-6.5,43.89125
6.75,-6.25,42.2525
6.75,-6,40.64625
6.75,-5.75,39.0725
6.75,-5.5,37.53125
6.75,-5.25,36.0225
6.75,-5,34.54625
6.75,-4.75,33.1025
6.75,-4.5,31.69125
6.75,-4.25,30.3125
6.75,-4,28.96625
6.75,-3.75,27.6525
6.75,-3.5,26.37125
6.75,-3.25,25.1225
6.75,-3,23.90625
6.75,-2.75,22.7225
6.75,-2.5,21.57125
6.75,-2.25,20.4525
6.75,-2,19.36625
6.75,-1.75,18.3125
6.75,-1,15.34625
6.75,-0.75,14.4225
6.75,-0.5,13.53125
6.75,-0.25,12.6725
6.75,0,11.84625
6.75,0.25,11.0525
6.75,0.5,10.29125
6.75,0.75,9.5625
6.75,1,8.86625
6.75,1.25,8.2025
6.75,1.5,7.57125
6.75,1.75,6.9725
6.75,2,6.40625
6.75,2.25,5.8725
6.75,2.5,5.37125
6.75,2.75,4.9025
6.75,3,4.46625
6.75,3.25,4.0625
6.75,3.5,3.69125
6.75,4,3.04625
6.75,4.25,2.7725
6.75,4.5,2.53125
6.75,4.75,2.3225
6.75,5,2.14625
6.75,5.25,2.0025
6.75,5.5,1.89125
6.75,5.75,1.8125
6.75,6,1.76625
6.75,6.25,1.7525
6.75,6.5,1.77125
6.75,6.75,1.8225
6.75,7,1.90625
6.75,7.25,2.0225
6.75,7.5,2.17125
6.75,7.75,2.3525
6.75,8,2.56625
6.75,8.25,2.8125
6.75,8.75,3.4025
6.75,9,3.74625
6.75,9.25,4.1225
6.75,9.5,4.53125
6.75,9.75,4.9725
7,-10,72.34
7,-9.75,70.21625
7,-9.5,68.125
7,-9.25,66.06625
7,-9,64.04
7,-8.75,62.04625
7,-8.5,60.085
7,-8.25,58.15625
7,-8,56.26
7,-7.75,54.39625
7,-7.5,52.565
7,-7.25,50.76625
7,-7,49
7,-6.75,47.26625
7,-6.5,45.565
7,-6.25,43.89625
7,-6,42.26
7,-5.75,40.65625
7,-5.25,37.54625
7,-5,36.04
7,-4.75,34.56625
7,-4.5,33.125
7,-4.25,31.71625
7,-4,30.34
7,-3.75,28.99625
7,-3.25,26.40625
7,-2.75,23.94625
7,-2.5,22.765
7,-2.25,21.61625
7,-2,20.5
7,-1.5,18.365
7,-1.25,17.34625
7,-1,16.36
7,-0.75,15.40625
7,-0.25,13.59625
7,0.25,11.91625
7,0.5,11.125
7,0.75,10.36625
7,1,9.64
7,1.25,8.94625
7,1.5,8.285
7,1.75,7.65625
7,2,7.06
7,2.25,6.49625
7,2.5,5.965
7,2.75,5.46625
7,3,5
7,3.25,4.56625
7,3.75,3.79625
7,4,3.46
7,4.25,3.15625
7,4.5,2.885
7,4.75,2.64625
7,5,2.44
7,5.25,2.26625
7,5.5,2.125
7,5.75,2.01625
7,6,1.94
7,6.25,1.89625
7,6.5,1.885
7,6.75,1.90625
7,7,1.96
7,7.25,2.04625
7,7.5,2.165
7,7.75,2.31625
7,8.25,2.71625
7,8.5,2.965
7,8.75,3.24625
7,9,3.56
7,9.25,3.90625
7,9.5,4.285
7.25,-10,74.46625
7.25,-9.75,72.3125
7.25,-9.5,70.19125
7.25,-9.25,68.1025
7.25,-9,66.04625
7.25,-8.75,64.0225
7.25,-8.5,62.03125
7.25,-8.25,60.0725
7.25,-8,58.14625
7.25,-7.75,56.2525
7.25,-7.5,54.39125
7.25,-7.25,52.5625
7.25,-7,50.76625
7.25,-6.75,49.0025
7.25,-6.25,45.5725
7.25,-6,43.90625
7.25,-5.5,40.67125
7.25,-5.25,39.1025
7.25,-5,37.56625
7.25,-4.75,36.0625
7.25,-4.5,34.59125
7.25,-4.25,33.1525
7.25,-3.75,30.3725
7.25,-3.5,29.03125
7.25,-3.25,27.7225
7.25,-3,26.44625
7.25,-2.75,25.2025
7.25,-2.5,23.99125
7.25,-2.25,22.8125
7.25,-2,21.66625
7.25,-1.75,20.5525
7.25,-1.5,19.47125
7.25,-1,17.40625
7.25,-0.75,16.4225
7.25,-0.5,15.47125
7.25,-0.25,14.5525
7.25,0,13.66625
7.25,0.25,12.8125
7.25,0.5,11.99125
7.25,0.75,11.2025
7.25,1,10.44625
7.25,1.25,9.7225
7.25,1.5,9.03125
7.25,1.75,8.3725
7.25,2,7.74625
7.25,2.5,6.59125
7.25,2.75,6.0625
7.25,3,5.56625
7.25,3.5,4.67125
7.25,3.75,4.2725
7.25,4,3.90625
7.25,4.25,3.5725
7.25,4.5,3.27125
7.25,4.75,3.0025
7.25,5,2.76625
7.25,5.25,2.5625
7.25,5.5,2.39125
7.25,5.75,2.2525
7.25,6,2.14625
7.25,6.25,2.0725
7.25,6.5,2.03125
7.25,6.75,2.0225
7.25,7.25,2.1025
7.25,7.5,2.19125
7.25,7.75,2.3125
7.25,8,2.46625
7.25,8.25,2.6525
7.25,8.5,2.87125
7.25,8.75,3.1225
7.25,9,3.40625
7.25,9.25,3.7225
7.25,9.5,4.07125
7.25,9.75,4.4525
7.5,-10,76.625
7.5,-9.5,72.29
7.5,-9.25,70.17125
7.5,-9,68.085
7.5,-8.75,66.03125
7.5,-8.25,62.02125
7.5,-8,60.065
7.5,-7.5,56.25
7.5,-7.25,54.39125
7.5,-7,52.565
7.5,-6.75,50.77125
7.5,-6.5,49.01
7.5,-6.25,47.28125
7.5,-6,45.585
7.5,-5.25,40.69125
7.5,-5,39.125
7.5,-4.75,37.59125
7.5,-4.5,36.09
7.5,-4.25,34.62125
7.5,-4,33.185
7.5,-3.75,31.78125
7.5,-3.5,30.41
7.5,-3.25,29.07125
7.5,-3,27.765
7.5,-2.75,26.49125
7.5,-2.5,25.25
7.5,-2.25,24.04125
7.5,-1.75,21.72125
7.5,-1.25,19.53125
7.5,-1,18.485
7.5,-0.75,17.47125
7.5,-0.5,16.49
7.5,-0.25,15.54125
7.5,0,14.625
7.5,0.25,13.74125
7.5,0.5,12.89
7.5,1,11.285
7.5,1.25,10.53125
7.5,1.5,9.81
7.5,1.75,9.12125
7.5,2,8.465
7.5,2.25,7.84125
7.5,2.5,7.25
7.5,2.75,6.69125
7.5,3,6.165
7.5,3.25,5.67125
7.5,3.5,5.21
7.5,3.75,4.78125
7.5,4,4.385
7.5,4.25,4.02125
7.5,4.75,3.39125
7.5,5,3.125
7.5,5.25,2.89125
7.5,5.5,2.69
7.5,5.75,2.52125
7.5,6,2.385
7.5,6.25,2.28125
7.5,6.5,2.21
7.5,6.75,2.17125
7.5,7,2.165
7.5,7.25,2.19125
7.5,7.5,2.25
7.5,7.75,2.34125
7.5,8.25,2.62125
7.5,8.5,2.81
7.5,8.75,3.03125
7.5,9,3.285
7.5,9.25,3.57125
7.5,9.5,3.89
7.5,9.75,4.24125
7.75,-10,78.81625
7.75,-9.75,76.6025
7.75,-9.5,74.42125
7.75,-9.25,72.2725
7.75,-9,70.15625
7.75,-8.75,68.0725
7.75,-8.5,66.02125
7.75,-8.25,64.0025
7.75,-8,62.01625
7.75,-7.75,60.0625
7.75,-7.5,58.14125
7.75,-7.25,56.2525
7.75,-7,54.39625
7.75,-6.75,52.5725
7.75,-6.5,50.78125
7.75,-6.25,49.0225
7.75,-6,47.29625
7.75,-5.75,45.6025
7.75,-5.5,43.94125
7.75,-5.25,42.3125
7.75,-5,40.71625
7.75,-4.75,39.1525
7.75,-4.5,37.62125
7.75,-4.25,36.1225
7.75,-4,34.65625
7.75,-3.75,33.2225
7.75,-3.5,31.82125
7.75,-3.25,30.4525
7.75,-3,29.11625
7.75,-2.75,27.8125
7.75,-2.5,26.54125
7.75,-2.25,25.3025
7.75,-2,24.09625
7.75,-1.5,21.78125
7.75,-1.25,20.6725
7.75,-1,19.59625
7.75,-0.75,18.5525
7.75,-0.5,17.54125
7.75,-0.25,16.5625
7.75,0,15.61625
7.75,0.25,14.7025
7.75,0.5,13.82125
7.75,1,12.15625
7.75,1.25,11.3725
7.75,1.5,10.62125
7.75,1.75,9.9025
7.75,2,9.21625
7.75,2.25,8.5625
7.75,2.5,7.94125
7.75,3,6.79625
7.75,3.25,6.2725
7.75,3.5,5.78125
7.75,4,4.89625
7.75,4.25,4.5025
7.75,4.5,4.14125
7.75,4.75,3.8125
7.75,5,3.51625
7.75,5.25,3.2525
7.75,5.5,3.02125
7.75,5.75,2.8225
7.75,6,2.65625
7.75,6.25,2.5225
7.75,6.5,2.42125
7.75,6.75,2.3525
7.75,7,2.31625
7.75,7.25,2.3125
7.75,7.5,2.34125
7.75,7.75,2.4025
7.75,8,2.49625
7.75,8.25,2.6225
7.75,8.5,2.78125
7.75,8.75,2.9725
7.75,9,3.19625
7.75,9.25,3.4525
7.75,9.5,3.74125
7.75,9.75,4.0625
8,-10,81.04
8,-9.75,78.79625
8,-9.5,76.585
8,-9.25,74.40625
8,-9,72.26
8,-8.75,70.14625
8,-8.5,68.065
8,-8.25,66.01625
8,-8,64
8,-7.75,62.01625
8,-7.5,60.065
8,-7.25,58.14625
8,-7,56.26
8,-6.75,54.40625
8,-6.5,52.585
8,-6.25,50.79625
8,-6,49.04
8,-5.75,47.31625
8,-5.5,45.625
8,-5.25,43.96625
8,-5,42.34
8,-4.5,39.185
8,-4.25,37.65625
8,-3.75,34.69625
8,-3.25,31.86625
8,-2.75,29.16625
8,-2.5,27.865
8,-2.25,26.59625
8,-2,25.36
8,-1.75,24.15625
8,-1.5,22.985
8,-1,20.74
8,-0.75,19.66625
8,-0.5,18.625
8,-0.25,17.61625
8,0,16.64
8,0.5,14.785
8,0.75,13.90625
8,1,13.06
8,1.5,11.465
8,1.75,10.71625
8,2,10
8,2.25,9.31625
8,2.5,8.665
8,2.75,8.04625
8,3,7.46
8,3.5,6.385
8,3.75,5.89625
8,4,5.44
8,4.25,5.01625
8,4.5,4.625
8,4.75,4.26625
8,5,3.94
8,5.25,3.64625
8,5.5,3.385
8,5.75,3.15625
8,6,2.96
8,6.25,2.79625
8,6.5,2.665
8,6.75,2.56625
8,7,2.5
8,7.5,2.465
8,7.75,2.49625
8,8,2.56
8,8.25,2.65625
8,8.5,2.785
8,8.75,2.94625
8,9,3.14
8,9.25,3.36625
8,9.5,3.625
8,9.75,3.91625
8.25,-10,83.29625
8.25,-9.5,78.78125
8.25,-8.5,70.14125
8.25,-8.25,68.0625
8.25,-8,66.01625
8.25,-7.75,64.0025
8.25,-7.5,62.02125
8.25,-7,58.15625
8.25,-6.75,56.2725
8.25,-6.5,54.42125
8.25,-6.25,52.6025
8.25,-6,50.81625
8.25,-5.75,49.0625
8.25,-5.5,47.34125
8.25,-5.25,45.6525
8.25,-5,43.99625
8.25,-4.75,42.3725
8.25,-4.25,39.2225
8.25,-4,37.69625
8.25,-3.75,36.2025
8.25,-3.25,33.3125
8.25,-3,31.91625
8.25,-2.75,30.5525
8.25,-2.5,29.22125
8.25,-2.25,27.9225
8.25,-2,26.65625
8.25,-1.75,25.4225
8.25,-1.5,24.22125
8.25,-1.25,23.0525
8.25,-0.75,20.8125
8.25,-0.5,19.74125
8.25,-0.25,18.7025
8.25,0,17.69625
8.25,0.25,16.7225
8.25,0.5,15.78125
8.25,0.75,14.8725
8.25,1,13.99625
8.25,1.25,13.1525
8.25,1.5,12.34125
8.25,1.75,11.5625
8.25,2,10.81625
8.25,2.25,10.1025
8.25,2.5,9.42125
8.25,2.75,8.7725
8.25,3,8.15625
8.25,3.25,7.5725
8.25,3.5,7.02125
8.25,3.75,6.5025
8.25,4,6.01625
8.25,4.25,5.5625
8.25,4.5,5.14125
8.25,4.75,4.7525
8.25,5,4.39625
8.25,5.5,3.78125
8.25,5.75,3.5225
8.25,6,3.29625
8.25,6.25,3.1025
8.25,6.5,2.94125
8.25,6.75,2.8125
8.25,7,2.71625
8.25,7.25,2.6525
8.25,7.5,2.62125
8.25,7.75,2.6225
8.25,8,2.65625
8.25,8.25,2.7225
8.25,8.5,2.82125
8.25,8.75,2.9525
8.25,9,3.11625
8.25,9.5,3.54125
8.5,-10,85.585
8.5,-9.75,83.28125
8.5,-9.25,78.77125
8.5,-9,76.565
8.5,-8.5,72.25
8.5,-8.25,70.14125
8.5,-8,68.065
8.5,-7.75,66.02125
8.5,-7.25,62.03125
8.5,-7,60.085
8.5,-6.75,58.17125
8.5,-6.5,56.29
8.5,-6.25,54.44125
8.5,-6,52.625
8.5,-5.75,50.84125
8.5,-5.5,49.09
8.5,-5.25,47.37125
8.5,-4.5,42.41
8.5,-4.25,40.82125
8.5,-4,39.265
8.5,-3.75,37.74125
8.5,-3.5,36.25
8.5,-3.25,34.79125
8.5,-2.75,31.97125
8.5,-2.5,30.61
8.5,-2.25,29.28125
8.5,-2,27.985
8.5,-1.75,26.72125
8.5,-1.5,25.49
8.5,-1.25,24.29125
8.5,-1,23.125
8.5,-0.75,21.99125
8.5,-0.5,20.89
8.5,-0.25,19.82125
8.5,0,18.785
8.5,0.25,17.78125
8.5,0.5,16.81
8.5,0.75,15.87125
8.5,1,14.965
8.5,1.25,14.09125
8.5,1.5,13.25
8.5,1.75,12.44125
8.5,2,11.665
8.5,2.25,10.92125
8.5,2.5,10.21
8.5,2.75,9.53125
8.5,3,8.885
8.5,3.25,8.27125
8.5,4,6.625
8.5,4.25,6.14125
8.5,4.5,5.69
8.5,4.75,5.27125
8.5,5,4.885
8.5,5.25,4.53125
8.5,5.5,4.21
8.5,5.75,3.92125
8.5,6,3.665
8.5,6.25,3.44125
8.5,6.5,3.25
8.5,6.75,3.09125
8.5,7,2.965
8.5,7.25,2.87125
8.5,7.5,2.81
8.5,7.75,2.78125
8.5,8,2.785
8.5,8.25,2.82125
8.5,8.5,2.89
8.5,8.75,2.99125
8.5,9,3.125
8.5,9.25,3.29125
8.5,9.75,3.72125
8.75,-9.75,85.5725
8.75,-9.25,81.0025
8.75,-9,78.76625
8.75,-8.75,76.5625
8.75,-8.5,74.39125
8.75,-8.25,72.2525
8.75,-8,70.14625
8.75,-7.75,68.0725
8.75,-7.5,66.03125
8.75,-7.25,64.0225
8.75,-7,62.04625
8.75,-6.75,60.1025
8.75,-6.5,58.19125
8.75,-6.25,56.3125
8.75,-6,54.46625
8.75,-5.75,52.6525
8.75,-5.5,50.87125
8.75,-5.25,49.1225
8.75,-5,47.40625
8.75,-4.75,45.7225
8.75,-4.5,44.07125
8.75,-4.25,42.4525
8.75,-4,40.86625
8.75,-3.75,39.3125
8.75,-3.5,37.79125
8.75,-3.25,36.3025
8.75,-2.75,33.4225
8.75,-2.25,30.6725
8.75,-2,29.34625
8.75,-1.75,28.0525
8.75,-1.5,26.79125
8.75,-1.25,25.5625
8.75,-1,24.36625
8.75,-0.75,23.2025
8.75,-0.5,22.07125
8.75,-0.25,20.9725
8.75,0,19.90625
8.75,0.25,18.8725
8.75,0.5,17.87125
8.75,0.75,16.9025
8.75,1,15.96625
8.75,1.5,14.19125
8.75,1.75,13.3525
8.75,2,12.54625
8.75,2.25,11.7725
8.75,2.5,11.03125
8.75,2.75,10.3225
8.75,3,9.64625
8.75,3.25,9.0025
8.75,3.75,7.8125
8.75,4,7.26625
8.75,4.25,6.7525
8.75,4.5,6.27125
8.75,4.75,5.8225
8.75,5,5.40625
8.75,5.25,5.0225
8.75,5.5,4.67125
8.75,5.75,4.3525
8.75,6,4.06625
8.75,6.25,3.8125
8.75,6.5,3.59125
8.75,6.75,3.4025
8.75,7,3.24625
8.75,7.25,3.1225
8.75,7.5,3.03125
8.75,7.75,2.9725
8.75,8,2.94625
8.75,8.25,2.9525
8.75,8.5,2.99125
8.75,9,3.16625
8.75,9.25,3.3025
8.75,9.5,3.47125
8.75,9.75,3.6725
9,-10,90.26
9,-9.75,87.89625
9,-9.5,85.565
9,-9.25,83.26625
9,-9,81
9,-8.75,78.76625
9,-8.5,76.565
9,-8.25,74.39625
9,-8,72.26
9,-7.75,70.15625
9,-7.5,68.085
9,-7.25,66.04625
9,-7,64.04
9,-6.75,62.06625
9,-6.5,60.125
9,-6.25,58.21625
9,-5.75,54.49625
9,-5.5,52.685
9,-5.25,50.90625
9,-5,49.16
9,-4.75,47.44625
9,-4.5,45.765
9,-4.25,44.11625
9,-4,42.5
9,-3.5,39.365
9,-3.25,37.84625
9,-3,36.36
9,-2.75,34.90625
9,-2.5,33.485
9,-2.25,32.09625
9,-2,30.74
9,-1.75,29.41625
9,-1.5,28.125
9,-1.25,26.86625
9,-1,25.64
9,-0.75,24.44625
9,-0.5,23.285
9,-0.25,22.15625
9,0,21.06
9,0.25,19.99625
9,0.5,18.965
9,0.75,17.96625
9,1,17
9,1.25,16.06625
9,1.5,15.165
9,1.75,14.29625
9,2,13.46
9,2.75,11.14625
9,3,10.44
9,3.25,9.76625
9,3.5,9.125
9,4,7.94
9,4.25,7.39625
9,4.5,6.885
9,4.75,6.40625
9,5,5.96
9,5.25,5.54625
9,5.5,5.165
9,5.75,4.81625
9,6,4.5
9,6.25,4.21625
9,6.5,3.965
9,6.75,3.74625
9,7,3.56
9,7.25,3.40625
9,7.5,3.285
9,7.75,3.19625
9,8,3.14
9,8.25,3.11625
9,8.5,3.125
9,8.75,3.16625
9,9,3.24
9,9.25,3.34625
9,9.5,3.485
9,9.75,3.65625
9.25,-9.75,90.2525
9.25,-9.5,87.89125
9.25,-9.25,85.5625
9.25,-9,83.26625
9.25,-8.75,81.0025
9.25,-8.25,76.5725
9.25,-8,74.40625
9.25,-7.5,70.17125
9.25,-7.25,68.1025
9.25,-7,66.06625
9.25,-6.75,64.0625
9.25,-6.5,62.09125
9.25,-6.25,60.1525
9.25,-6,58.24625
9.25,-5.5,54.53125
9.25,-5.25,52.7225
9.25,-5,50.94625
9.25,-4.75,49.2025
9.25,-4.5,47.49125
9.25,-4.25,45.8125
9.25,-4,44.16625
9.25,-3.75,42.5525
9.25,-3.5,40.97125
9.25,-3.25,39.4225
9.25,-2.75,36.4225
9.25,-2.5,34.97125
9.25,-2.25,33.5525
9.25,-2,32.16625
9.25,-1.75,30.8125
9.25,-1.5,29.49125
9.25,-1.25,28.2025
9.25,-1,26.94625
9.25,-0.75,25.7225
9.25,-0.5,24.53125
9.25,-0.25,23.3725
9.25,0,22.24625
9.25,0.25,21.1525
9.25,0.5,20.09125
9.25,0.75,19.0625
9.25,1.25,17.1025
9.25,1.5,16.17125
9.25,1.75,15.2725
9.25,2,14.40625
9.25,2.25,13.5725
9.25,2.75,12.0025
9.25,3,11.26625
9.25,3.25,10.5625
9.25,3.5,9.89125
9.25,3.75,9.2525
9.25,4,8.64625
9.25,4.5,7.53125
9.25,4.75,7.0225
9.25,5,6.54625
9.25,5.25,6.1025
9.25,5.5,5.69125
9.25,5.75,5.3125
9.25,6,4.96625
9.25,6.25,4.6525
9.25,6.5,4.37125
9.25,6.75,4.1225
9.25,7.25,3.7225
9.25,7.5,3.57125
9.25,7.75,3.4525
9.25,8,3.36625
9.25,8.5,3.29125
9.25,8.75,3.3025
9.25,9,3.34625
9.25,9.5,3.53125
9.25,9.75,3.6725
9.5,-10,95.065
9.5,-9.75,92.64125
9.5,-9.5,90.25
9.5,-9,85.565
9.5,-8.75,83.27125
9.5,-8.5,81.01
9.5,-8.25,78.78125
9.5,-8,76.585
9.5,-7.75,74.42125
9.5,-7.5,72.29
9.5,-7.25,70.19125
9.5,-7,68.125
9.5,-6.75,66.09125
9.5,-6,60.185
9.5,-5.75,58.28125
9.5,-5.5,56.41
9.5,-5,52.765
9.5,-4.75,50.99125
9.5,-4.25,47.54125
9.5,-4,45.865
9.5,-3.75,44.22125
9.5,-3.25,41.03125
9.5,-3,39.485
9.5,-2.75,37.97125
9.5,-2.5,36.49
9.5,-2.25,35.04125
9.5,-2,33.625
9.5,-1.75,32.24125
9.5,-1.5,30.89
9.5,-1.25,29.57125
9.5,-1,28.285
9.5,-0.5,25.81
9.5,-0.25,24.62125
9.5,0,23.465
9.5,0.25,22.34125
9.5,0.5,21.25
9.5,0.75,20.19125
9.5,1,19.165
9.5,1.25,18.17125
9.5,1.5,17.21
9.5,1.75,16.28125
9.5,2,15.385
9.5,2.25,14.52125
9.5,2.5,13.69
9.5,2.75,12.89125
9.5,3,12.125
9.5,3.25,11.39125
9.5,3.5,10.69
9.5,3.75,10.02125
9.5,4,9.385
9.5,4.25,8.78125
9.5,4.75,7.67125
9.5,5,7.165
9.5,5.25,6.69125
9.5,5.5,6.25
9.5,5.75,5.84125
9.5,6,5.465
9.5,6.25,5.12125
9.5,6.75,4.53125
9.5,7,4.285
9.5,7.25,4.07125
9.5,7.5,3.89
9.5,7.75,3.74125
9.5,8,3.625
9.5,8.25,3.54125
9.5,8.5,3.49
9.5,9,3.485
9.5,9.25,3.53125
9.5,9.5,3.61
9.5,9.75,3.72125
9.75,-9.75,95.0625
9.75,-9.5,92.64125
9.75,-9.25,90.2525
9.75,-9,87.89625
9.75,-8.75,85.5725
9.75,-8.5,83.28125
9.75,-8.25,81.0225
9.75,-8,78.79625
9.75,-7.75,76.6025
9.75,-7.5,74.44125
9.75,-7.25,72.3125
9.75,-7,70.21625
9.75,-6.75,68.1525
9.75,-6.5,66.12125
9.75,-6.25,64.1225
9.75,-6,62.15625
9.75,-5.75,60.2225
9.75,-5.5,58.32125
9.75,-5.25,56.4525
9.75,-5,54.61625
9.75,-4.75,52.8125
9.75,-4.5,51.04125
9.75,-4.25,49.3025
9.75,-3.75,45.9225
9.75,-3.5,44.28125
9.75,-3.25,42.6725
9.75,-3,41.09625
9.75,-2.75,39.5525
9.75,-2.5,38.04125
9.75,-2.25,36.5625
9.75,-2,35.11625
9.75,-1.75,33.7025
9.75,-1.5,32.32125
9.75,-1.25,30.9725
9.75,-1,29.65625
9.75,-0.75,28.3725
9.75,-0.5,27.12125
9.75,-0.25,25.9025
9.75,0,24.71625
9.75,0.5,22.44125
9.75,0.75,21.3525
9.75,1,20.29625
9.75,1.5,18.28125
9.75,1.75,17.3225
9.75,2,16.39625
9.75,2.25,15.5025
9.75,2.5,14.64125
9.75,2.75,13.8125
9.75,3,13.01625
9.75,3.25,12.2525
9.75,3.5,11.52125
9.75,3.75,10.8225
9.75,4.25,9.5225
9.75,5,7.81625
9.75,5.25,7.3125
9.75,5.5,6.84125
9.75,5.75,6.4025
9.75,6,5.99625
9.75,6.25,5.6225
9.75,6.5,5.28125
9.75,6.75,4.9725
9.75,7,4.69625
9.75,7.25,4.4525
9.75,7.75,4.0625
9.75,8,3.91625
9.75,8.25,3.8025
9.75,8.5,3.72125
9.75,8.75,3.6725
9.75,9,3.65625
9.75,9.5,3.72125
9.75,9.75,3.8025
